Date,No_of_Accidents,,Tithi,Nakshtra,Karna,Yoga,Ayanamsa,Rashi
23-12-2022,10067,,,,,,,
22-12-2022,9552,,,,,,,
15-12-2022,9256,,,,,,,
25-01-2023,9250,,,,,,,
11-02-2021,9087,,,,,,,
29-04-2022,9039,,,,,,,
27-01-2023,9031,,,,,,,
04-05-2022,8704,,,,,,,
22-04-2022,8533,,,,,,,
25-02-2022,8523,,,,,,,
01-04-2022,8515,,,,,,,
13-05-2022,8493,,,,,,,
12-02-2021,8432,,,,,,,
03-05-2022,8402,,,,,,,
16-12-2022,8374,,,,,,,
10-12-2021,8324,,,,,,,
11-03-2022,8127,,,,,,,
18-02-2021,8070,,,,,,,
08-04-2022,8069,,,,,,,
23-12-2020,8013,,,,,,,
13-04-2022,7975,,,,,,,
03-12-2021,7973,,,,,,,
04-02-2022,7929,,,,,,,
30-10-2020,7899,,,,,,,
12-11-2021,7895,,,,,,,
19-11-2021,7886,,,,,,,
19-01-2023,7866,,,,,,,
21-12-2022,7848,,,,,,,
19-04-2022,7830,,,,,,,
14-04-2022,7794,,,,,,,
23-12-2021,7790,,,,,,,
30-01-2023,7790,,,,,,,
24-12-2020,7763,,,,,,,
18-02-2022,7716,,,,,,,
02-05-2022,7713,,,,,,,
03-02-2022,7708,,,,,,,
11-02-2022,7690,,,,,,,
01-06-2022,7686,,,,,,,
24-01-2023,7673,,,,,,,
09-03-2022,7671,,,,,,,
10-03-2022,7634,,,,,,,
17-12-2021,7629,,,,,,,
20-05-2022,7588,,,,,,,
12-05-2022,7578,,,,,,,
15-12-2021,7567,,,,,,,
19-02-2021,7531,,,,,,,
12-04-2022,7529,,,,,,,
18-03-2022,7506,,,,,,,
17-12-2020,7497,,,,,,,
20-04-2022,7493,,,,,,,
15-04-2022,7484,,,,,,,
14-12-2021,7476,,,,,,,
16-12-2021,7475,,,,,,,
28-04-2022,7464,,,,,,,
21-04-2022,7430,,,,,,,
07-04-2022,7423,,,,,,,
04-01-2023,7410,,,,,,,
11-05-2022,7404,,,,,,,
20-01-2023,7389,,,,,,,
04-03-2022,7374,,,,,,,
14-10-2022,7364,,,,,,,
30-12-2020,7350,,,,,,,
25-11-2020,7329,,,,,,,
05-02-2021,7322,,,,,,,
23-02-2022,7310,,,,,,,
05-01-2023,7301,,,,,,,
29-01-2021,7301,,,,,,,
14-01-2022,7299,,,,,,,
18-04-2022,7263,,,,,,,
09-12-2022,7250,,,,,,,
09-12-2020,7230,,,,,,,
20-11-2020,7229,,,,,,,
13-11-2020,7228,,,,,,,
17-02-2022,7197,,,,,,,
03-01-2023,7156,,,,,,,
11-11-2020,7154,,,,,,,
11-12-2020,7154,,,,,,,
17-05-2022,7134,,,,,,,
12-11-2020,7112,,,,,,,
10-12-2020,7097,,,,,,,
08-12-2021,7093,,,,,,,
27-04-2022,7091,,,,,,,
30-12-2021,7076,,,,,,,
27-05-2022,7073,,,,,,,
31-12-2020,7067,,,,,,,
23-01-2023,7059,,,,,,,
01-12-2020,7048,,,,,,,
11-11-2022,7047,,,,,,,
25-04-2022,7024,,,,,,,
16-02-2021,7002,,,,,,,
22-12-2020,7000,,,,,,,
18-12-2020,6999,,,,,,,
02-02-2022,6990,,,,,,,
05-11-2021,6989,,,,,,,
20-12-2022,6979,,,,,,,
16-12-2020,6972,,,,,,,
07-12-2021,6968,,,,,,,
18-01-2023,6932,,,,,,,
09-12-2021,6915,,,,,,,
04-11-2022,6880,,,,,,,
26-01-2021,6875,,,,,,,
18-11-2021,6850,,,,,,,
24-02-2022,6841,,,,,,,
26-04-2022,6827,,,,,,,
29-10-2020,6823,,,,,,,
06-04-2022,6822,,,,,,,
17-03-2022,6813,,,,,,,
06-12-2021,6809,,,,,,,
10-02-2022,6789,,,,,,,
18-11-2022,6778,,,,,,,
15-10-2021,6773,,,,,,,
22-01-2021,6765,,,,,,,
11-04-2022,6757,,,,,,,
24-09-2021,6756,,,,,,,
13-01-2023,6751,,,,,,,
17-01-2023,6751,,,,,,,
13-10-2022,6744,,,,,,,
16-05-2022,6743,,,,,,,
05-04-2022,6740,,,,,,,
10-11-2020,6730,,,,,,,
31-05-2022,6727,,,,,,,
17-11-2022,6724,,,,,,,
28-12-2020,6715,,,,,,,
04-02-2021,6710,,,,,,,
18-05-2022,6695,,,,,,,
08-11-2022,6692,,,,,,,
30-11-2020,6688,,,,,,,
25-05-2022,6684,,,,,,,
22-10-2021,6682,,,,,,,
18-11-2020,6679,,,,,,,
01-02-2022,6673,,,,,,,
24-11-2020,6662,,,,,,,
19-05-2022,6654,,,,,,,
28-01-2022,6650,,,,,,,
14-12-2022,6646,,,,,,,
04-04-2022,6644,,,,,,,
22-02-2021,6621,,,,,,,
22-02-2022,6592,,,,,,,
15-03-2022,6585,,,,,,,
10-11-2022,6582,,,,,,,
23-11-2020,6568,,,,,,,
14-02-2022,6555,,,,,,,
30-12-2022,6555,,,,,,,
17-11-2021,6547,,,,,,,
26-08-2022,6531,,,,,,,
17-02-2021,6522,,,,,,,
06-11-2020,6522,,,,,,,
15-01-2021,6486,,,,,,,
16-11-2021,6484,,,,,,,
15-11-2021,6483,,,,,,,
08-12-2020,6474,,,,,,,
02-09-2022,6439,,,,,,,
06-09-2022,6434,,,,,,,
23-03-2022,6424,,,,,,,
25-01-2021,6420,,,,,,,
03-11-2021,6409,,,,,,,
15-11-2022,6400,,,,,,,
13-12-2022,6392,,,,,,,
26-05-2022,6392,,,,,,,
09-02-2022,6376,,,,,,,
19-11-2020,6366,,,,,,,
09-02-2021,6357,,,,,,,
01-02-2021,6348,,,,,,,
07-12-2022,6332,,,,,,,
27-01-2021,6328,,,,,,,
15-02-2021,6322,,,,,,,
29-12-2020,6302,,,,,,,
22-12-2021,6301,,,,,,,
05-05-2022,6299,,,,,,,
26-01-2023,6297,,,,,,,
14-12-2020,6296,,,,,,,
09-11-2022,6295,,,,,,,
08-02-2021,6293,,,,,,,
02-12-2021,6292,,,,,,,
19-08-2022,6291,,,,,,,
06-06-2022,6286,,,,,,,
28-01-2023,6282,,,,,,,
19-12-2022,6274,,,,,,,
02-12-2020,6268,,,,,,,
23-11-2021,6252,,,,,,,
02-12-2022,6236,,,,,,,
08-03-2022,6226,,,,,,,
21-12-2020,6223,,,,,,,
16-02-2022,6207,,,,,,,
13-12-2021,6206,,,,,,,
01-09-2022,6201,,,,,,,
01-12-2022,6192,,,,,,,
04-11-2021,6182,,,,,,,
02-03-2022,6179,,,,,,,
26-01-2022,6167,,,,,,,
24-11-2021,6163,,,,,,,
03-11-2020,6152,,,,,,,
07-10-2022,6139,,,,,,,
23-09-2022,6131,,,,,,,
08-02-2022,6128,,,,,,,
08-12-2022,6126,,,,,,,
21-10-2021,6113,,,,,,,
08-10-2021,6102,,,,,,,
25-08-2022,6101,,,,,,,
18-06-2021,6090,,,,,,,
02-07-2021,6088,,,,,,,
21-10-2020,6083,,,,,,,
17-09-2021,6077,,,,,,,
15-07-2022,6058,,,,,,,
27-10-2021,6046,,,,,,,
16-11-2022,6040,,,,,,,
03-02-2021,6039,,,,,,,
23-09-2021,6038,,,,,,,
01-12-2021,6032,,,,,,,
14-10-2021,6026,,,,,,,
23-05-2022,6022,,,,,,,
06-12-2022,6020,,,,,,,
28-01-2021,6019,,,,,,,
10-09-2021,6019,,,,,,,
07-11-2022,6018,,,,,,,
12-08-2022,6011,,,,,,,
30-11-2021,5988,,,,,,,
21-03-2022,5948,,,,,,,
09-11-2020,5947,,,,,,,
17-11-2020,5942,,,,,,,
24-05-2022,5939,,,,,,,
02-11-2021,5935,,,,,,,
21-01-2022,5932,,,,,,,
14-11-2022,5930,,,,,,,
07-10-2021,5921,,,,,,,
12-03-2022,5919,,,,,,,
15-02-2022,5919,,,,,,,
09-09-2021,5917,,,,,,,
11-11-2021,5911,,,,,,,
10-11-2021,5907,,,,,,,
20-10-2020,5904,,,,,,,
12-10-2022,5903,,,,,,,
24-01-2022,5903,,,,,,,
22-11-2022,5902,,,,,,,
21-12-2021,5899,,,,,,,
07-03-2022,5888,,,,,,,
06-10-2022,5880,,,,,,,
23-11-2022,5876,,,,,,,
01-11-2022,5873,,,,,,,
10-02-2021,5868,,,,,,,
17-06-2022,5862,,,,,,,
27-01-2022,5860,,,,,,,
22-03-2022,5854,,,,,,,
29-11-2021,5852,,,,,,,
16-11-2020,5843,,,,,,,
27-08-2021,5838,,,,,,,
20-10-2021,5833,,,,,,,
05-10-2021,5811,,,,,,,
31-12-2022,5808,,,,,,,
29-10-2021,5807,,,,,,,
03-12-2020,5798,,,,,,,
07-09-2022,5796,,,,,,,
09-11-2021,5796,,,,,,,
22-10-2020,5790,,,,,,,
20-01-2022,5787,,,,,,,
07-12-2020,5771,,,,,,,
05-08-2022,5768,,,,,,,
18-08-2022,5762,,,,,,,
11-08-2022,5762,,,,,,,
21-01-2021,5760,,,,,,,
27-12-2022,5750,,,,,,,
28-10-2020,5737,,,,,,,
06-10-2021,5734,,,,,,,
26-10-2021,5721,,,,,,,
16-09-2022,5712,,,,,,,
30-08-2022,5703,,,,,,,
02-11-2020,5689,,,,,,,
29-12-2022,5684,,,,,,,
13-02-2021,5681,,,,,,,
25-10-2021,5681,,,,,,,
08-09-2021,5677,,,,,,,
22-09-2021,5672,,,,,,,
01-07-2022,5671,,,,,,,
07-02-2022,5664,,,,,,,
31-08-2022,5660,,,,,,,
15-12-2020,5649,,,,,,,
27-12-2021,5646,,,,,,,
25-01-2022,5645,,,,,,,
04-11-2020,5645,,,,,,,
14-03-2022,5644,,,,,,,
03-01-2022,5633,,,,,,,
12-12-2020,5624,,,,,,,
25-06-2021,5622,,,,,,,
12-01-2022,5613,,,,,,,
28-05-2021,5606,,,,,,,
19-10-2021,5600,,,,,,,
22-11-2021,5595,,,,,,,
05-11-2020,5594,,,,,,,
17-12-2022,5579,,,,,,,
29-07-2022,5577,,,,,,,
10-06-2022,5568,,,,,,,
29-01-2023,5555,,,,,,,
05-12-2022,5550,,,,,,,
01-09-2021,5544,,,,,,,
28-02-2022,5543,,,,,,,
13-01-2022,5539,,,,,,,
02-02-2021,5530,,,,,,,
15-09-2021,5528,,,,,,,
20-12-2021,5520,,,,,,,
14-01-2023,5519,,,,,,,
08-11-2021,5516,,,,,,,
21-07-2022,5515,,,,,,,
12-12-2022,5515,,,,,,,
19-08-2021,5506,,,,,,,
23-01-2021,5506,,,,,,,
22-09-2022,5499,,,,,,,
01-07-2021,5490,,,,,,,
07-11-2020,5483,,,,,,,
04-06-2021,5474,,,,,,,
16-09-2021,5470,,,,,,,
29-09-2021,5467,,,,,,,
23-08-2022,5462,,,,,,,
28-12-2022,5460,,,,,,,
19-01-2021,5458,,,,,,,
22-07-2022,5448,,,,,,,
30-04-2022,5440,,,,,,,
30-07-2021,5437,,,,,,,
03-11-2022,5433,,,,,,,
14-07-2022,5429,,,,,,,
01-03-2022,5428,,,,,,,
09-06-2022,5426,,,,,,,
16-06-2022,5405,,,,,,,
14-11-2020,5394,,,,,,,
09-08-2022,5392,,,,,,,
16-03-2022,5387,,,,,,,
11-06-2021,5386,,,,,,,
31-08-2021,5372,,,,,,,
27-09-2021,5371,,,,,,,
22-08-2022,5371,,,,,,,
13-10-2021,5367,,,,,,,
21-11-2020,5365,,,,,,,
21-09-2021,5363,,,,,,,
20-01-2021,5362,,,,,,,
22-01-2023,5352,,,,,,,
10-08-2022,5349,,,,,,,
31-01-2022,5348,,,,,,,
24-06-2022,5344,,,,,,,
20-08-2021,5330,,,,,,,
23-07-2021,5326,,,,,,,
28-09-2021,5325,,,,,,,
28-07-2022,5325,,,,,,,
09-07-2021,5320,,,,,,,
24-08-2022,5309,,,,,,,
16-10-2020,5267,,,,,,,
11-10-2022,5246,,,,,,,
18-07-2022,5244,,,,,,,
10-12-2022,5244,,,,,,,
06-08-2021,5242,,,,,,,
23-04-2022,5240,,,,,,,
18-01-2022,5236,,,,,,,
20-07-2022,5232,,,,,,,
21-09-2022,5228,,,,,,,
06-02-2021,5225,,,,,,,
29-06-2021,5211,,,,,,,
04-10-2022,5208,,,,,,,
16-01-2023,5206,,,,,,,
30-08-2021,5201,,,,,,,
19-07-2022,5195,,,,,,,
20-09-2022,5194,,,,,,,
04-08-2022,5194,,,,,,,
17-08-2022,5193,,,,,,,
19-01-2022,5168,,,,,,,
30-06-2022,5164,,,,,,,
14-01-2021,5162,,,,,,,
14-09-2022,5159,,,,,,,
14-05-2022,5146,,,,,,,
16-08-2022,5144,,,,,,,
30-06-2021,5139,,,,,,,
03-08-2022,5137,,,,,,,
15-06-2021,5134,,,,,,,
21-01-2023,5130,,,,,,,
08-07-2022,5126,,,,,,,
30-09-2022,5118,,,,,,,
19-12-2020,5107,,,,,,,
13-08-2021,5098,,,,,,,
17-06-2021,5092,,,,,,,
28-12-2021,5078,,,,,,,
25-09-2020,5073,,,,,,,
02-11-2022,5070,,,,,,,
29-08-2022,5070,,,,,,,
26-10-2020,5070,,,,,,,
08-08-2022,5060,,,,,,,
20-09-2021,5052,,,,,,,
21-06-2022,5049,,,,,,,
02-06-2022,5048,,,,,,,
07-09-2021,5047,,,,,,,
16-06-2021,5045,,,,,,,
31-10-2020,5043,,,,,,,
12-08-2021,5040,,,,,,,
05-10-2022,5038,,,,,,,
23-06-2022,5031,,,,,,,
27-07-2022,5030,,,,,,,
13-09-2021,5026,,,,,,,
04-01-2022,5024,,,,,,,
14-09-2021,5016,,,,,,,
24-08-2021,5008,,,,,,,
09-04-2022,5003,,,,,,,
22-06-2022,4997,,,,,,,
26-08-2021,4987,,,,,,,
03-03-2022,4980,,,,,,,
15-06-2022,4971,,,,,,,
31-12-2021,4967,,,,,,,
19-10-2020,4966,,,,,,,
15-10-2022,4957,,,,,,,
13-07-2022,4954,,,,,,,
19-09-2022,4953,,,,,,,
29-06-2022,4945,,,,,,,
21-02-2022,4944,,,,,,,
25-08-2021,4942,,,,,,,
18-12-2021,4942,,,,,,,
22-07-2021,4940,,,,,,,
06-07-2022,4915,,,,,,,
15-09-2022,4913,,,,,,,
04-01-2021,4912,,,,,,,
31-01-2023,4907,,,,,,,
29-12-2021,4903,,,,,,,
04-12-2019,4886,,,,,,,
08-07-2021,4885,,,,,,,
24-03-2022,4874,,,,,,,
11-08-2021,4861,,,,,,,
11-01-2022,4859,,,,,,,
13-09-2022,4858,,,,,,,
26-07-2022,4856,,,,,,,
08-01-2021,4854,,,,,,,
08-06-2022,4851,,,,,,,
01-01-2023,4848,,,,,,,
07-06-2022,4835,,,,,,,
07-07-2022,4830,,,,,,,
29-07-2021,4829,,,,,,,
20-02-2021,4820,,,,,,,
13-01-2021,4820,,,,,,,
21-11-2022,4816,,,,,,,
05-08-2021,4801,,,,,,,
07-05-2021,4792,,,,,,,
13-12-2020,4784,,,,,,,
11-12-2021,4777,,,,,,,
28-10-2021,4772,,,,,,,
12-07-2022,4755,,,,,,,
05-07-2022,4750,,,,,,,
03-06-2021,4742,,,,,,,
27-09-2022,4725,,,,,,,
06-04-2020,4724,,,,,,,
23-08-2021,4720,,,,,,,
11-12-2022,4719,,,,,,,
07-07-2021,4716,,,,,,,
23-06-2021,4713,,,,,,,
02-08-2022,4708,,,,,,,
23-10-2020,4707,,,,,,,
16-08-2021,4706,,,,,,,
29-09-2022,4703,,,,,,,
02-06-2021,4701,,,,,,,
26-11-2020,4699,,,,,,,
26-06-2020,4699,,,,,,,
28-06-2022,4696,,,,,,,
03-12-2022,4688,,,,,,,
12-10-2021,4685,,,,,,,
26-05-2021,4680,,,,,,,
05-01-2021,4671,,,,,,,
22-06-2021,4667,,,,,,,
06-02-2020,4662,,,,,,,
26-07-2021,4660,,,,,,,
26-09-2022,4659,,,,,,,
19-06-2020,4658,,,,,,,
24-12-2022,4652,,,,,,,
28-06-2021,4648,,,,,,,
14-06-2021,4646,,,,,,,
23-03-2020,4640,,,,,,,
21-05-2021,4636,,,,,,,
12-11-2019,4633,,,,,,,
16-01-2021,4630,,,,,,,
21-05-2022,4622,,,,,,,
21-06-2021,4617,,,,,,,
31-01-2021,4609,,,,,,,
01-08-2022,4606,,,,,,,
27-10-2020,4599,,,,,,,
30-01-2021,4596,,,,,,,
10-06-2021,4591,,,,,,,
05-11-2022,4572,,,,,,,
13-12-2019,4571,,,,,,,
24-01-2021,4565,,,,,,,
12-12-2019,4564,,,,,,,
27-06-2022,4561,,,,,,,
12-06-2020,4554,,,,,,,
12-07-2021,4552,,,,,,,
18-01-2021,4544,,,,,,,
06-07-2021,4534,,,,,,,
07-02-2021,4529,,,,,,,
08-11-2020,4515,,,,,,,
02-08-2021,4512,,,,,,,
19-03-2020,4511,,,,,,,
16-04-2022,4510,,,,,,,
21-07-2021,4508,,,,,,,
09-06-2021,4492,,,,,,,
01-01-2021,4492,,,,,,,
24-12-2021,4491,,,,,,,
07-01-2021,4490,,,,,,,
12-09-2022,4489,,,,,,,
05-05-2021,4485,,,,,,,
19-07-2021,4483,,,,,,,
22-05-2020,4482,,,,,,,
28-09-2020,4478,,,,,,,
12-02-2022,4475,,,,,,,
25-07-2022,4472,,,,,,,
13-11-2019,4466,,,,,,,
02-04-2022,4457,,,,,,,
10-10-2022,4455,,,,,,,
11-12-2019,4454,,,,,,,
06-05-2021,4452,,,,,,,
03-08-2021,4448,,,,,,,
06-01-2023,4445,,,,,,,
19-03-2022,4441,,,,,,,
01-06-2021,4440,,,,,,,
03-10-2022,4438,,,,,,,
01-05-2022,4436,,,,,,,
09-12-2019,4422,,,,,,,
16-10-2019,4420,,,,,,,
04-12-2021,4420,,,,,,,
30-09-2021,4413,,,,,,,
10-01-2022,4408,,,,,,,
07-02-2020,4391,,,,,,,
04-08-2021,4389,,,,,,,
19-11-2022,4387,,,,,,,
06-11-2019,4387,,,,,,,
08-06-2021,4380,,,,,,,
14-02-2021,4370,,,,,,,
19-12-2019,4370,,,,,,,
23-06-2020,4369,,,,,,,
08-11-2019,4368,,,,,,,
18-10-2021,4367,,,,,,,
07-11-2019,4366,,,,,,,
14-06-2022,4364,,,,,,,
28-07-2021,4359,,,,,,,
06-01-2021,4349,,,,,,,
25-06-2020,4337,,,,,,,
17-01-2022,4336,,,,,,,
07-06-2021,4335,,,,,,,
22-10-2019,4334,,,,,,,
31-10-2019,4330,,,,,,,
11-01-2021,4326,,,,,,,
25-05-2021,4324,,,,,,,
09-04-2021,4322,,,,,,,
15-10-2020,4322,,,,,,,
19-02-2022,4318,,,,,,,
01-11-2019,4315,,,,,,,
18-09-2020,4313,,,,,,,
11-10-2021,4312,,,,,,,
23-12-2019,4307,,,,,,,
05-03-2022,4304,,,,,,,
10-12-2019,4301,,,,,,,
25-12-2020,4297,,,,,,,
16-01-2022,4293,,,,,,,
06-11-2018,4293,,,,,,,
24-05-2021,4287,,,,,,,
16-07-2022,4285,,,,,,,
24-09-2020,4280,,,,,,,
01-11-2020,4266,,,,,,,
12-10-2020,4260,,,,,,,
12-11-2022,4257,,,,,,,
08-05-2020,4250,,,,,,,
11-07-2022,4248,,,,,,,
17-01-2020,4246,,,,,,,
29-10-2019,4238,,,,,,,
20-06-2022,4223,,,,,,,
01-11-2021,4221,,,,,,,
22-06-2020,4219,,,,,,,
18-06-2020,4205,,,,,,,
24-06-2021,4203,,,,,,,
29-09-2020,4200,,,,,,,
13-06-2022,4188,,,,,,,
16-01-2020,4178,,,,,,,
02-10-2020,4170,,,,,,,
17-10-2019,4168,,,,,,,
06-12-2019,4168,,,,,,,
11-10-2019,4167,,,,,,,
05-02-2022,4166,,,,,,,
11-06-2020,4166,,,,,,,
08-10-2019,4165,,,,,,,
10-10-2019,4159,,,,,,,
05-11-2019,4159,,,,,,,
27-07-2021,4158,,,,,,,
21-10-2019,4158,,,,,,,
24-06-2020,4153,,,,,,,
17-10-2022,4153,,,,,,,
20-12-2019,4152,,,,,,,
24-01-2020,4146,,,,,,,
24-10-2019,4146,,,,,,,
14-02-2020,4145,,,,,,,
13-10-2020,4144,,,,,,,
18-12-2019,4142,,,,,,,
13-02-2020,4141,,,,,,,
29-05-2020,4138,,,,,,,
25-10-2019,4138,,,,,,,
20-03-2020,4136,,,,,,,
16-06-2020,4128,,,,,,,
26-12-2022,4125,,,,,,,
17-12-2019,4106,,,,,,,
28-09-2022,4104,,,,,,,
09-04-2020,4093,,,,,,,
09-11-2018,4092,,,,,,,
04-10-2019,4091,,,,,,,
30-04-2021,4084,,,,,,,
15-01-2023,4083,,,,,,,
30-09-2020,4082,,,,,,,
21-02-2021,4076,,,,,,,
05-06-2020,4072,,,,,,,
24-04-2020,4066,,,,,,,
17-06-2020,4065,,,,,,,
20-05-2021,4064,,,,,,,
14-10-2020,4060,,,,,,,
14-01-2020,4059,,,,,,,
30-04-2020,4059,,,,,,,
15-06-2020,4057,,,,,,,
23-09-2020,4056,,,,,,,
02-01-2023,4055,,,,,,,
15-11-2020,4051,,,,,,,
30-10-2019,4047,,,,,,,
05-03-2021,4045,,,,,,,
23-04-2021,4045,,,,,,,
27-08-2022,4043,,,,,,,
17-09-2020,4043,,,,,,,
20-12-2020,4041,,,,,,,
23-10-2019,4041,,,,,,,
01-05-2020,4039,,,,,,,
18-05-2020,4038,,,,,,,
27-05-2020,4036,,,,,,,
03-05-2021,4025,,,,,,,
09-06-2020,4023,,,,,,,
08-09-2022,4020,,,,,,,
03-10-2019,4013,,,,,,,
20-08-2022,4011,,,,,,,
08-10-2022,4011,,,,,,,
29-11-2020,4009,,,,,,,
10-01-2020,4009,,,,,,,
15-05-2020,4007,,,,,,,
30-08-2019,4006,,,,,,,
03-09-2019,4005,,,,,,,
15-10-2019,4004,,,,,,,
18-02-2020,3998,,,,,,,
20-11-2021,3996,,,,,,,
26-12-2021,3996,,,,,,,
18-10-2019,3994,,,,,,,
05-11-2018,3993,,,,,,,
15-11-2018,3990,,,,,,,
16-04-2021,3988,,,,,,,
13-01-2020,3986,,,,,,,
27-08-2019,3985,,,,,,,
29-08-2019,3985,,,,,,,
24-09-2022,3983,,,,,,,
27-05-2021,3981,,,,,,,
12-01-2021,3974,,,,,,,
16-10-2022,3967,,,,,,,
13-09-2019,3964,,,,,,,
04-05-2021,3960,,,,,,,
13-08-2022,3952,,,,,,,
13-11-2021,3951,,,,,,,
24-04-2022,3945,,,,,,,
28-05-2020,3944,,,,,,,
03-12-2019,3942,,,,,,,
10-06-2020,3942,,,,,,,
04-06-2020,3935,,,,,,,
12-09-2019,3931,,,,,,,
10-08-2021,3929,,,,,,,
08-06-2020,3928,,,,,,,
17-09-2019,3925,,,,,,,
04-11-2019,3922,,,,,,,
05-09-2022,3921,,,,,,,
23-01-2020,3917,,,,,,,
10-03-2020,3911,,,,,,,
17-09-2022,3902,,,,,,,
18-06-2022,3894,,,,,,,
24-09-2019,3883,,,,,,,
25-10-2020,3880,,,,,,,
27-12-2020,3875,,,,,,,
28-05-2022,3868,,,,,,,
28-11-2020,3867,,,,,,,
11-09-2019,3860,,,,,,,
20-09-2019,3856,,,,,,,
12-02-2019,3851,,,,,,,
05-12-2019,3848,,,,,,,
06-08-2022,3843,,,,,,,
20-07-2021,3832,,,,,,,
30-07-2022,3832,,,,,,,
26-11-2021,3831,,,,,,,
20-11-2018,3829,,,,,,,
01-10-2022,3809,,,,,,,
26-12-2020,3807,,,,,,,
28-10-2019,3807,,,,,,,
24-10-2020,3807,,,,,,,
05-02-2020,3806,,,,,,,
05-09-2019,3806,,,,,,,
18-10-2018,3805,,,,,,,
06-03-2022,3802,,,,,,,
13-04-2020,3800,,,,,,,
16-12-2019,3799,,,,,,,
01-10-2020,3798,,,,,,,
26-05-2020,3797,,,,,,,
09-10-2019,3794,,,,,,,
15-01-2020,3786,,,,,,,
19-10-2018,3783,,,,,,,
07-11-2018,3782,,,,,,,
22-11-2020,3775,,,,,,,
19-05-2021,3773,,,,,,,
30-10-2018,3771,,,,,,,
28-08-2019,3763,,,,,,,
15-01-2022,3762,,,,,,,
08-01-2018,3761,,,,,,,
18-12-2022,3758,,,,,,,
10-02-2020,3757,,,,,,,
25-09-2019,3753,,,,,,,
16-11-2018,3749,,,,,,,
27-09-2019,3748,,,,,,,
09-01-2018,3747,,,,,,,
02-11-2018,3746,,,,,,,
11-02-2020,3743,,,,,,,
02-04-2021,3739,,,,,,,
27-11-2020,3731,,,,,,,
08-04-2021,3728,,,,,,,
26-10-2018,3728,,,,,,,
21-05-2020,3725,,,,,,,
15-09-2017,3724,,,,,,,
04-10-2018,3719,,,,,,,
22-09-2020,3713,,,,,,,
12-02-2020,3713,,,,,,,
02-10-2019,3711,,,,,,,
15-05-2022,3711,,,,,,,
21-01-2020,3705,,,,,,,
07-10-2019,3705,,,,,,,
24-01-2019,3705,,,,,,,
22-01-2020,3701,,,,,,,
30-10-2021,3701,,,,,,,
01-10-2019,3700,,,,,,,
16-09-2019,3699,,,,,,,
04-12-2022,3697,,,,,,,
23-07-2022,3697,,,,,,,
09-02-2018,3697,,,,,,,
09-09-2019,3696,,,,,,,
22-01-2022,3693,,,,,,,
11-05-2020,3692,,,,,,,
03-06-2020,3691,,,,,,,
06-09-2019,3690,,,,,,,
06-11-2022,3688,,,,,,,
20-03-2022,3685,,,,,,,
31-10-2018,3684,,,,,,,
21-09-2020,3682,,,,,,,
20-05-2020,3676,,,,,,,
20-12-2017,3674,,,,,,,
16-10-2018,3671,,,,,,,
10-09-2019,3668,,,,,,,
10-04-2020,3666,,,,,,,
07-04-2020,3665,,,,,,,
29-10-2018,3658,,,,,,,
11-11-2019,3650,,,,,,,
29-09-2017,3650,,,,,,,
09-10-2020,3648,,,,,,,
23-09-2019,3646,,,,,,,
10-03-2021,3644,,,,,,,
09-07-2022,3641,,,,,,,
01-02-2019,3638,,,,,,,
08-12-2017,3637,,,,,,,
21-11-2017,3632,,,,,,,
08-11-2018,3630,,,,,,,
19-05-2020,3623,,,,,,,
19-12-2017,3622,,,,,,,
17-10-2018,3618,,,,,,,
13-12-2017,3614,,,,,,,
14-12-2017,3613,,,,,,,
08-09-2017,3610,,,,,,,
03-10-2018,3608,,,,,,,
14-11-2018,3608,,,,,,,
16-01-2019,3603,,,,,,,
23-08-2017,3601,,,,,,,
10-04-2022,3598,,,,,,,
31-01-2020,3595,,,,,,,
11-12-2018,3594,,,,,,,
10-09-2022,3594,,,,,,,
05-09-2018,3593,,,,,,,
02-09-2021,3592,,,,,,,
14-10-2019,3589,,,,,,,
07-02-2018,3588,,,,,,,
12-03-2020,3586,,,,,,,
06-09-2018,3584,,,,,,,
12-01-2018,3582,,,,,,,
29-01-2022,3580,,,,,,,
30-11-2018,3579,,,,,,,
09-10-2018,3579,,,,,,,
04-02-2019,3577,,,,,,,
03-03-2021,3574,,,,,,,
15-04-2021,3571,,,,,,,
24-03-2020,3567,,,,,,,
25-06-2022,3565,,,,,,,
26-04-2021,3561,,,,,,,
02-10-2018,3561,,,,,,,
03-09-2022,3555,,,,,,,
06-12-2017,3555,,,,,,,
20-04-2021,3553,,,,,,,
20-09-2017,3550,,,,,,,
01-10-2018,3547,,,,,,,
26-11-2018,3541,,,,,,,
13-03-2020,3541,,,,,,,
19-06-2021,3541,,,,,,,
03-04-2020,3540,,,,,,,
06-04-2021,3539,,,,,,,
21-03-2018,3539,,,,,,,
11-02-2019,3536,,,,,,,
11-09-2018,3535,,,,,,,
21-11-2018,3533,,,,,,,
12-12-2017,3532,,,,,,,
20-03-2018,3531,,,,,,,
23-10-2018,3531,,,,,,,
27-11-2017,3531,,,,,,,
14-02-2019,3530,,,,,,,
01-12-2017,3529,,,,,,,
18-03-2021,3527,,,,,,,
23-01-2019,3526,,,,,,,
02-07-2022,3525,,,,,,,
11-10-2017,3523,,,,,,,
06-11-2021,3523,,,,,,,
30-11-2017,3521,,,,,,,
14-12-2018,3520,,,,,,,
05-10-2018,3520,,,,,,,
10-10-2018,3520,,,,,,,
30-09-2019,3516,,,,,,,
22-03-2018,3507,,,,,,,
25-10-2018,3506,,,,,,,
28-01-2020,3504,,,,,,,
21-02-2020,3504,,,,,,,
22-09-2017,3502,,,,,,,
17-08-2017,3502,,,,,,,
26-03-2021,3502,,,,,,,
28-09-2017,3500,,,,,,,
25-01-2019,3495,,,,,,,
07-09-2017,3488,,,,,,,
27-02-2019,3488,,,,,,,
22-04-2020,3483,,,,,,,
14-04-2021,3478,,,,,,,
26-02-2022,3475,,,,,,,
13-02-2019,3475,,,,,,,
22-02-2023,3475,,,,,,,
27-11-2018,3473,,,,,,,
15-10-2018,3472,,,,,,,
04-08-2017,3471,,,,,,,
26-02-2020,3470,,,,,,,
26-09-2017,3469,,,,,,,
18-12-2017,3468,,,,,,,
23-02-2021,3467,,,,,,,
07-05-2020,3467,,,,,,,
22-08-2017,3465,,,,,,,
18-09-2022,3465,,,,,,,
06-09-2017,3465,,,,,,,
22-01-2019,3463,,,,,,,
24-01-2018,3462,,,,,,,
12-12-2018,3461,,,,,,,
06-02-2019,3458,,,,,,,
13-11-2022,3458,,,,,,,
12-10-2018,3457,,,,,,,
21-09-2017,3457,,,,,,,
17-01-2018,3456,,,,,,,
15-04-2020,3456,,,,,,,
07-12-2017,3456,,,,,,,
17-07-2021,3456,,,,,,,
21-12-2018,3455,,,,,,,
04-03-2021,3453,,,,,,,
05-07-2021,3453,,,,,,,
26-06-2021,3451,,,,,,,
09-01-2020,3449,,,,,,,
10-05-2021,3447,,,,,,,
03-12-2018,3446,,,,,,,
03-03-2020,3446,,,,,,,
23-02-2023,3446,,,,,,,
23-10-2021,3446,,,,,,,
29-04-2020,3446,,,,,,,
07-02-2019,3444,,,,,,,
15-12-2017,3443,,,,,,,
24-07-2022,3443,,,,,,,
27-09-2017,3438,,,,,,,
25-09-2018,3438,,,,,,,
09-01-2021,3436,,,,,,,
19-11-2018,3435,,,,,,,
06-03-2020,3429,,,,,,,
14-05-2020,3428,,,,,,,
28-08-2022,3428,,,,,,,
13-03-2018,3425,,,,,,,
06-12-2018,3425,,,,,,,
12-11-2018,3423,,,,,,,
26-09-2018,3422,,,,,,,
21-08-2022,3422,,,,,,,
19-12-2018,3422,,,,,,,
02-06-2020,3421,,,,,,,
05-09-2017,3420,,,,,,,
12-05-2020,3416,,,,,,,
30-03-2021,3416,,,,,,,
20-02-2018,3414,,,,,,,
19-09-2017,3413,,,,,,,
18-08-2017,3411,,,,,,,
16-01-2018,3409,,,,,,,
17-07-2022,3409,,,,,,,
11-01-2018,3408,,,,,,,
01-06-2020,3406,,,,,,,
05-02-2019,3405,,,,,,,
23-01-2018,3405,,,,,,,
31-03-2021,3404,,,,,,,
04-02-2020,3404,,,,,,,
29-03-2018,3404,,,,,,,
04-01-2018,3403,,,,,,,
27-04-2021,3402,,,,,,,
01-09-2017,3401,,,,,,,
22-11-2017,3400,,,,,,,
05-03-2020,3399,,,,,,,
07-09-2018,3398,,,,,,,
04-10-2017,3398,,,,,,,
31-07-2022,3396,,,,,,,
18-05-2021,3394,,,,,,,
25-08-2017,3393,,,,,,,
03-04-2022,3393,,,,,,,
27-04-2020,3391,,,,,,,
23-04-2018,3391,,,,,,,
04-09-2019,3389,,,,,,,
11-12-2017,3388,,,,,,,
14-09-2017,3387,,,,,,,
15-03-2018,3385,,,,,,,
01-01-2022,3384,,,,,,,
28-11-2021,3383,,,,,,,
16-08-2017,3383,,,,,,,
11-06-2022,3382,,,,,,,
18-12-2018,3382,,,,,,,
24-08-2017,3381,,,,,,,
27-11-2021,3381,,,,,,,
20-02-2020,3376,,,,,,,
30-08-2018,3376,,,,,,,
28-04-2021,3375,,,,,,,
16-10-2021,3375,,,,,,,
19-03-2021,3374,,,,,,,
16-09-2020,3374,,,,,,,
13-11-2018,3373,,,,,,,
20-11-2022,3373,,,,,,,
22-04-2021,3371,,,,,,,
11-09-2020,3371,,,,,,,
24-10-2018,3363,,,,,,,
10-09-2020,3361,,,,,,,
12-12-2021,3360,,,,,,,
23-04-2020,3359,,,,,,,
05-12-2017,3359,,,,,,,
03-10-2017,3357,,,,,,,
08-08-2017,3357,,,,,,,
01-03-2021,3356,,,,,,,
17-04-2022,3355,,,,,,,
03-02-2020,3352,,,,,,,
29-01-2019,3352,,,,,,,
15-11-2019,3351,,,,,,,
13-09-2017,3350,,,,,,,
28-02-2020,3350,,,,,,,
15-03-2021,3350,,,,,,,
04-09-2018,3344,,,,,,,
05-02-2018,3344,,,,,,,
29-11-2017,3343,,,,,,,
26-02-2021,3343,,,,,,,
28-07-2017,3341,,,,,,,
14-08-2022,3338,,,,,,,
29-08-2018,3336,,,,,,,
31-01-2019,3335,,,,,,,
25-09-2021,3334,,,,,,,
07-01-2020,3333,,,,,,,
12-04-2021,3333,,,,,,,
18-09-2017,3333,,,,,,,
19-04-2021,3330,,,,,,,
24-02-2020,3330,,,,,,,
06-02-2018,3330,,,,,,,
09-10-2022,3329,,,,,,,
18-08-2021,3329,,,,,,,
29-08-2017,3326,,,,,,,
09-10-2021,3325,,,,,,,
23-03-2018,3320,,,,,,,
13-12-2018,3318,,,,,,,
22-11-2019,3313,,,,,,,
25-04-2018,3312,,,,,,,
19-04-2018,3312,,,,,,,
29-01-2020,3309,,,,,,,
09-03-2021,3308,,,,,,,
02-01-2022,3308,,,,,,,
24-10-2021,3305,,,,,,,
06-10-2017,3305,,,,,,,
05-10-2017,3304,,,,,,,
30-12-2019,3299,,,,,,,
01-03-2018,3299,,,,,,,
08-02-2018,3299,,,,,,,
19-02-2020,3298,,,,,,,
13-02-2018,3298,,,,,,,
26-09-2019,3297,,,,,,,
23-02-2018,3296,,,,,,,
21-02-2019,3296,,,,,,,
20-02-2019,3295,,,,,,,
03-08-2017,3294,,,,,,,
13-04-2021,3294,,,,,,,
20-04-2020,3293,,,,,,,
07-08-2021,3293,,,,,,,
06-01-2020,3292,,,,,,,
24-09-2018,3292,,,,,,,
15-01-2019,3290,,,,,,,
14-11-2019,3290,,,,,,,
14-08-2017,3288,,,,,,,
02-01-2021,3288,,,,,,,
25-09-2017,3287,,,,,,,
03-01-2021,3287,,,,,,,
28-11-2018,3284,,,,,,,
22-02-2018,3281,,,,,,,
02-02-2018,3280,,,,,,,
24-04-2018,3279,,,,,,,
07-12-2018,3277,,,,,,,
12-10-2017,3277,,,,,,,
08-01-2020,3276,,,,,,,
16-04-2020,3276,,,,,,,
16-02-2018,3273,,,,,,,
05-04-2021,3272,,,,,,,
27-09-2018,3270,,,,,,,
11-05-2018,3269,,,,,,,
04-12-2017,3268,,,,,,,
20-10-2017,3267,,,,,,,
15-08-2017,3267,,,,,,,
16-12-2016,3266,,,,,,,
12-09-2018,3264,,,,,,,
31-08-2017,3260,,,,,,,
02-03-2021,3258,,,,,,,
03-05-2018,3257,,,,,,,
10-10-2017,3257,,,,,,,
07-04-2021,3256,,,,,,,
21-09-2018,3254,,,,,,,
09-04-2019,3254,,,,,,,
10-04-2019,3253,,,,,,,
22-10-2018,3252,,,,,,,
10-12-2018,3249,,,,,,,
01-03-2019,3249,,,,,,,
25-09-2022,3247,,,,,,,
05-04-2019,3244,,,,,,,
11-09-2022,3242,,,,,,,
20-09-2018,3241,,,,,,,
19-10-2017,3240,,,,,,,
14-03-2018,3239,,,,,,,
12-09-2017,3237,,,,,,,
17-04-2020,3236,,,,,,,
09-10-2017,3235,,,,,,,
31-07-2021,3235,,,,,,,
24-03-2021,3235,,,,,,,
07-08-2022,3234,,,,,,,
12-03-2018,3229,,,,,,,
14-09-2018,3229,,,,,,,
30-01-2020,3228,,,,,,,
28-08-2017,3226,,,,,,,
18-09-2018,3225,,,,,,,
26-04-2018,3224,,,,,,,
14-08-2021,3223,,,,,,,
12-03-2021,3222,,,,,,,
12-02-2018,3221,,,,,,,
04-03-2020,3219,,,,,,,
01-08-2017,3219,,,,,,,
28-04-2020,3217,,,,,,,
28-09-2018,3217,,,,,,,
17-01-2019,3216,,,,,,,
17-10-2020,3211,,,,,,,
02-05-2018,3210,,,,,,,
20-04-2018,3207,,,,,,,
17-05-2018,3205,,,,,,,
13-03-2022,3203,,,,,,,
26-02-2018,3202,,,,,,,
09-03-2018,3202,,,,,,,
22-05-2022,3201,,,,,,,
31-01-2018,3201,,,,,,,
23-10-2017,3200,,,,,,,
30-05-2022,3200,,,,,,,
10-09-2018,3200,,,,,,,
15-05-2018,3198,,,,,,,
04-04-2018,3197,,,,,,,
12-04-2019,3192,,,,,,,
26-02-2019,3191,,,,,,,
28-11-2017,3190,,,,,,,
09-11-2017,3188,,,,,,,
28-01-2019,3187,,,,,,,
07-01-2019,3186,,,,,,,
10-05-2018,3186,,,,,,,
20-11-2017,3186,,,,,,,
17-10-2017,3185,,,,,,,
25-02-2019,3185,,,,,,,
25-01-2018,3184,,,,,,,
18-04-2018,3184,,,,,,,
27-02-2023,3177,,,,,,,
26-03-2018,3175,,,,,,,
02-10-2017,3173,,,,,,,
04-10-2021,3171,,,,,,,
16-05-2018,3169,,,,,,,
27-01-2020,3167,,,,,,,
25-05-2018,3166,,,,,,,
18-09-2019,3166,,,,,,,
08-03-2021,3164,,,,,,,
05-01-2018,3163,,,,,,,
03-07-2021,3162,,,,,,,
06-03-2019,3162,,,,,,,
02-10-2022,3160,,,,,,,
27-02-2018,3160,,,,,,,
11-08-2017,3158,,,,,,,
03-04-2018,3157,,,,,,,
23-03-2021,3153,,,,,,,
21-04-2021,3152,,,,,,,
06-03-2018,3152,,,,,,,
19-06-2022,3149,,,,,,,
31-05-2021,3149,,,,,,,
02-08-2017,3148,,,,,,,
27-04-2018,3148,,,,,,,
16-04-2018,3148,,,,,,,
29-03-2021,3147,,,,,,,
05-03-2019,3147,,,,,,,
30-01-2018,3146,,,,,,,
09-04-2018,3141,,,,,,,
30-08-2017,3140,,,,,,,
11-03-2020,3139,,,,,,,
21-08-2017,3137,,,,,,,
31-08-2018,3137,,,,,,,
30-05-2018,3137,,,,,,,
05-12-2018,3136,,,,,,,
13-05-2020,3136,,,,,,,
14-01-2019,3135,,,,,,,
08-04-2019,3135,,,,,,,
06-02-2022,3134,,,,,,,
25-03-2020,3132,,,,,,,
23-05-2018,3128,,,,,,,
08-02-2019,3125,,,,,,,
04-05-2018,3123,,,,,,,
16-03-2018,3122,,,,,,,
10-08-2017,3122,,,,,,,
27-03-2020,3121,,,,,,,
05-12-2021,3120,,,,,,,
01-05-2018,3119,,,,,,,
18-09-2021,3119,,,,,,,
29-01-2018,3119,,,,,,,
25-03-2021,3118,,,,,,,
28-08-2018,3117,,,,,,,
24-10-2017,3114,,,,,,,
12-06-2021,3114,,,,,,,
22-03-2021,3114,,,,,,,
21-04-2020,3112,,,,,,,
16-05-2019,3106,,,,,,,
26-08-2019,3106,,,,,,,
15-02-2018,3106,,,,,,,
13-09-2018,3101,,,,,,,
10-01-2019,3100,,,,,,,
24-05-2018,3098,,,,,,,
30-11-2016,3098,,,,,,,
11-04-2018,3096,,,,,,,
08-10-2020,3095,,,,,,,
21-08-2021,3094,,,,,,,
16-08-2018,3091,,,,,,,
14-02-2023,3090,,,,,,,
20-03-2019,3089,,,,,,,
18-10-2017,3088,,,,,,,
21-12-2017,3088,,,,,,,
18-03-2020,3088,,,,,,,
10-08-2018,3088,,,,,,,
15-02-2019,3087,,,,,,,
16-11-2017,3087,,,,,,,
08-10-2018,3085,,,,,,,
10-07-2022,3082,,,,,,,
30-05-2019,3082,,,,,,,
22-05-2019,3082,,,,,,,
21-11-2019,3079,,,,,,,
29-11-2016,3077,,,,,,,
03-01-2018,3076,,,,,,,
17-02-2020,3075,,,,,,,
17-04-2018,3075,,,,,,,
21-02-2018,3073,,,,,,,
08-05-2018,3072,,,,,,,
14-09-2020,3070,,,,,,,
11-09-2017,3070,,,,,,,
08-03-2019,3069,,,,,,,
07-08-2017,3064,,,,,,,
06-06-2018,3064,,,,,,,
22-08-2018,3064,,,,,,,
19-02-2019,3064,,,,,,,
04-01-2019,3062,,,,,,,
01-02-2018,3061,,,,,,,
27-02-2022,3061,,,,,,,
08-01-2019,3060,,,,,,,
02-03-2020,3058,,,,,,,
26-09-2020,3058,,,,,,,
16-10-2017,3057,,,,,,,
11-04-2019,3057,,,,,,,
13-08-2019,3057,,,,,,,
26-06-2022,3054,,,,,,,
06-09-2021,3053,,,,,,,
25-02-2020,3047,,,,,,,
03-01-2020,3047,,,,,,,
02-04-2019,3046,,,,,,,
20-11-2019,3045,,,,,,,
29-05-2018,3044,,,,,,,
12-04-2018,3040,,,,,,,
26-01-2018,3035,,,,,,,
18-05-2018,3032,,,,,,,
14-08-2019,3032,,,,,,,
09-05-2018,3031,,,,,,,
27-07-2017,3029,,,,,,,
27-03-2018,3028,,,,,,,
22-12-2017,3024,,,,,,,
02-03-2018,3024,,,,,,,
14-05-2018,3024,,,,,,,
18-06-2019,3023,,,,,,,
06-06-2019,3023,,,,,,,
24-08-2018,3021,,,,,,,
23-04-2019,3021,,,,,,,
13-04-2018,3019,,,,,,,
07-03-2019,3017,,,,,,,
28-02-2018,3017,,,,,,,
04-07-2022,3016,,,,,,,
17-12-2018,3014,,,,,,,
09-08-2018,3006,,,,,,,
08-11-2017,3004,,,,,,,
14-04-2020,3002,,,,,,,
04-04-2019,2998,,,,,,,
20-02-2022,2997,,,,,,,
29-05-2022,2993,,,,,,,
10-01-2018,2993,,,,,,,
10-04-2018,2988,,,,,,,
30-01-2019,2987,,,,,,,
06-10-2020,2987,,,,,,,
04-09-2021,2987,,,,,,,
22-11-2016,2987,,,,,,,
05-01-2022,2986,,,,,,,
15-11-2017,2986,,,,,,,
22-08-2019,2985,,,,,,,
23-08-2018,2985,,,,,,,
01-08-2018,2981,,,,,,,
08-08-2018,2980,,,,,,,
18-04-2019,2977,,,,,,,
15-08-2018,2974,,,,,,,
21-05-2018,2974,,,,,,,
04-09-2022,2974,,,,,,,
09-01-2019,2972,,,,,,,
10-05-2019,2972,,,,,,,
27-10-2017,2970,,,,,,,
26-04-2019,2968,,,,,,,
27-08-2018,2966,,,,,,,
25-06-2018,2966,,,,,,,
16-03-2020,2965,,,,,,,
18-01-2019,2964,,,,,,,
17-01-2021,2964,,,,,,,
26-03-2020,2963,,,,,,,
29-05-2019,2962,,,,,,,
15-04-2019,2962,,,,,,,
09-03-2020,2961,,,,,,,
22-02-2019,2957,,,,,,,
13-06-2019,2957,,,,,,,
09-02-2023,2956,,,,,,,
23-11-2016,2953,,,,,,,
20-08-2019,2952,,,,,,,
30-04-2019,2951,,,,,,,
17-09-2018,2949,,,,,,,
14-06-2018,2948,,,,,,,
30-03-2018,2946,,,,,,,
09-05-2019,2945,,,,,,,
07-10-2020,2944,,,,,,,
22-03-2019,2944,,,,,,,
05-03-2018,2943,,,,,,,
09-08-2017,2941,,,,,,,
01-06-2018,2939,,,,,,,
20-06-2019,2938,,,,,,,
03-05-2019,2937,,,,,,,
05-06-2021,2936,,,,,,,
13-11-2017,2936,,,,,,,
14-08-2018,2936,,,,,,,
10-07-2021,2936,,,,,,,
16-03-2021,2935,,,,,,,
17-03-2021,2935,,,,,,,
28-05-2019,2935,,,,,,,
02-04-2018,2934,,,,,,,
24-07-2018,2932,,,,,,,
15-09-2020,2932,,,,,,,
24-07-2021,2932,,,,,,,
21-03-2019,2931,,,,,,,
27-03-2019,2929,,,,,,,
08-04-2020,2928,,,,,,,
26-10-2017,2928,,,,,,,
05-04-2018,2927,,,,,,,
31-05-2019,2926,,,,,,,
16-02-2023,2925,,,,,,,
17-08-2018,2925,,,,,,,
02-05-2019,2924,,,,,,,
29-05-2021,2922,,,,,,,
03-08-2018,2920,,,,,,,
13-02-2022,2919,,,,,,,
19-09-2018,2919,,,,,,,
02-04-2020,2919,,,,,,,
02-08-2018,2919,,,,,,,
11-03-2021,2919,,,,,,,
30-04-2018,2918,,,,,,,
20-08-2018,2918,,,,,,,
15-11-2016,2918,,,,,,,
24-03-2023,2917,,,,,,,
18-11-2016,2916,,,,,,,
07-08-2018,2914,,,,,,,
21-05-2019,2911,,,,,,,
08-05-2019,2910,,,,,,,
27-06-2021,2910,,,,,,,
19-11-2019,2908,,,,,,,
28-02-2019,2908,,,,,,,
19-07-2018,2908,,,,,,,
24-07-2019,2907,,,,,,,
19-12-2021,2907,,,,,,,
27-06-2018,2904,,,,,,,
27-12-2019,2903,,,,,,,
07-05-2018,2902,,,,,,,
01-04-2021,2901,,,,,,,
15-08-2019,2901,,,,,,,
07-05-2019,2900,,,,,,,
07-06-2019,2898,,,,,,,
03-11-2017,2897,,,,,,,
11-01-2017,2897,,,,,,,
04-06-2019,2894,,,,,,,
14-05-2019,2894,,,,,,,
19-04-2019,2888,,,,,,,
03-01-2019,2888,,,,,,,
25-11-2019,2887,,,,,,,
15-05-2019,2886,,,,,,,
21-06-2019,2886,,,,,,,
07-06-2018,2884,,,,,,,
12-06-2019,2882,,,,,,,
24-04-2019,2882,,,,,,,
02-08-2019,2881,,,,,,,
22-05-2018,2881,,,,,,,
19-03-2018,2878,,,,,,,
26-06-2019,2877,,,,,,,
04-03-2019,2877,,,,,,,
19-07-2019,2876,,,,,,,
13-05-2019,2876,,,,,,,
15-12-2016,2876,,,,,,,
15-07-2019,2875,,,,,,,
21-08-2018,2875,,,,,,,
21-11-2016,2873,,,,,,,
31-10-2017,2873,,,,,,,
06-05-2019,2873,,,,,,,
11-06-2019,2873,,,,,,,
21-11-2021,2872,,,,,,,
19-06-2018,2872,,,,,,,
02-11-2017,2871,,,,,,,
23-07-2018,2870,,,,,,,
01-04-2019,2869,,,,,,,
02-01-2018,2868,,,,,,,
14-10-2016,2866,,,,,,,
13-08-2018,2866,,,,,,,
20-06-2021,2865,,,,,,,
09-08-2019,2865,,,,,,,
16-08-2019,2865,,,,,,,
17-04-2019,2864,,,,,,,
10-01-2017,2862,,,,,,,
11-01-2019,2861,,,,,,,
04-12-2018,2857,,,,,,,
12-06-2022,2857,,,,,,,
12-07-2018,2856,,,,,,,
29-06-2018,2856,,,,,,,
11-09-2021,2855,,,,,,,
31-07-2018,2852,,,,,,,
23-01-2022,2852,,,,,,,
01-05-2019,2851,,,,,,,
21-08-2019,2851,,,,,,,
24-05-2019,2849,,,,,,,
08-11-2016,2847,,,,,,,
05-10-2020,2846,,,,,,,
13-07-2018,2846,,,,,,,
26-06-2018,2842,,,,,,,
08-06-2018,2842,,,,,,,
13-03-2019,2841,,,,,,,
05-06-2018,2838,,,,,,,
01-08-2019,2834,,,,,,,
05-12-2016,2834,,,,,,,
28-06-2019,2834,,,,,,,
23-07-2019,2833,,,,,,,
13-06-2018,2831,,,,,,,
06-08-2018,2830,,,,,,,
26-03-2019,2830,,,,,,,
27-12-2018,2830,,,,,,,
22-04-2019,2829,,,,,,,
10-07-2018,2828,,,,,,,
23-08-2019,2828,,,,,,,
07-08-2019,2828,,,,,,,
22-01-2018,2827,,,,,,,
17-07-2019,2823,,,,,,,
01-11-2017,2817,,,,,,,
12-06-2018,2817,,,,,,,
28-03-2019,2816,,,,,,,
04-10-2016,2815,,,,,,,
20-07-2018,2811,,,,,,,
03-04-2019,2811,,,,,,,
18-06-2018,2810,,,,,,,
04-06-2018,2809,,,,,,,
24-06-2019,2807,,,,,,,
19-03-2019,2806,,,,,,,
23-05-2019,2805,,,,,,,
03-06-2019,2805,,,,,,,
14-05-2021,2804,,,,,,,
12-07-2019,2802,,,,,,,
06-04-2018,2801,,,,,,,
09-09-2022,2798,,,,,,,
02-01-2020,2797,,,,,,,
07-11-2016,2796,,,,,,,
03-11-2016,2794,,,,,,,
20-05-2019,2793,,,,,,,
29-03-2019,2793,,,,,,,
20-06-2018,2792,,,,,,,
06-11-2017,2791,,,,,,,
11-06-2018,2788,,,,,,,
01-07-2019,2788,,,,,,,
18-07-2019,2787,,,,,,,
25-04-2019,2787,,,,,,,
04-11-2016,2784,,,,,,,
28-08-2021,2783,,,,,,,
03-07-2019,2783,,,,,,,
25-07-2018,2780,,,,,,,
15-01-2018,2779,,,,,,,
24-02-2021,2779,,,,,,,
31-05-2018,2778,,,,,,,
28-12-2018,2777,,,,,,,
12-03-2019,2776,,,,,,,
08-08-2019,2775,,,,,,,
18-07-2018,2775,,,,,,,
25-10-2017,2773,,,,,,,
28-06-2018,2773,,,,,,,
17-06-2019,2772,,,,,,,
21-03-2023,2771,,,,,,,
18-11-2019,2771,,,,,,,
25-02-2021,2769,,,,,,,
14-11-2016,2769,,,,,,,
07-11-2021,2769,,,,,,,
10-06-2019,2767,,,,,,,
29-03-2023,2766,,,,,,,
19-02-2018,2765,,,,,,,
17-05-2019,2764,,,,,,,
21-06-2018,2759,,,,,,,
26-07-2018,2758,,,,,,,
06-12-2020,2756,,,,,,,
06-09-2016,2755,,,,,,,
02-12-2019,2753,,,,,,,
26-07-2019,2753,,,,,,,
09-07-2018,2751,,,,,,,
17-11-2016,2750,,,,,,,
19-06-2019,2749,,,,,,,
06-08-2019,2748,,,,,,,
06-12-2016,2747,,,,,,,
28-11-2016,2744,,,,,,,
29-12-2017,2739,,,,,,,
14-11-2017,2738,,,,,,,
14-02-2018,2738,,,,,,,
31-12-2019,2736,,,,,,,
12-08-2019,2730,,,,,,,
01-11-2016,2728,,,,,,,
08-05-2021,2727,,,,,,,
10-11-2016,2726,,,,,,,
16-11-2016,2724,,,,,,,
31-07-2019,2724,,,,,,,
25-07-2019,2721,,,,,,,
16-04-2019,2719,,,,,,,
19-10-2016,2718,,,,,,,
03-07-2022,2716,,,,,,,
11-07-2018,2714,,,,,,,
18-02-2019,2712,,,,,,,
15-06-2018,2707,,,,,,,
17-07-2018,2707,,,,,,,
30-07-2018,2704,,,,,,,
11-10-2016,2701,,,,,,,
17-10-2016,2700,,,,,,,
14-06-2019,2694,,,,,,,
09-07-2019,2692,,,,,,,
12-01-2017,2691,,,,,,,
07-11-2017,2689,,,,,,,
16-07-2018,2688,,,,,,,
01-12-2016,2688,,,,,,,
10-02-2023,2687,,,,,,,
27-07-2018,2685,,,,,,,
22-06-2018,2679,,,,,,,
29-04-2019,2679,,,,,,,
11-07-2019,2678,,,,,,,
14-12-2016,2677,,,,,,,
30-10-2017,2674,,,,,,,
28-12-2017,2673,,,,,,,
25-06-2019,2669,,,,,,,
22-07-2019,2668,,,,,,,
26-10-2016,2668,,,,,,,
10-01-2021,2665,,,,,,,
10-10-2020,2665,,,,,,,
09-02-2017,2663,,,,,,,
18-07-2021,2662,,,,,,,
16-07-2019,2661,,,,,,,
22-03-2023,2660,,,,,,,
13-12-2016,2660,,,,,,,
13-06-2021,2659,,,,,,,
13-05-2021,2658,,,,,,,
05-08-2019,2655,,,,,,,
11-05-2021,2652,,,,,,,
14-11-2021,2651,,,,,,,
08-09-2016,2649,,,,,,,
19-08-2019,2646,,,,,,,
27-11-2019,2645,,,,,,,
15-03-2019,2644,,,,,,,
03-07-2018,2644,,,,,,,
02-12-2016,2642,,,,,,,
21-02-2023,2637,,,,,,,
01-09-2016,2636,,,,,,,
08-01-2022,2635,,,,,,,
02-11-2016,2634,,,,,,,
25-05-2020,2631,,,,,,,
31-01-2017,2629,,,,,,,
06-06-2021,2628,,,,,,,
07-12-2016,2628,,,,,,,
25-03-2019,2627,,,,,,,
20-12-2016,2626,,,,,,,
05-10-2016,2626,,,,,,,
30-07-2019,2624,,,,,,,
10-11-2017,2622,,,,,,,
08-12-2016,2620,,,,,,,
03-02-2023,2612,,,,,,,
02-01-2019,2611,,,,,,,
22-05-2021,2607,,,,,,,
02-07-2018,2606,,,,,,,
17-10-2021,2601,,,,,,,
07-09-2016,2601,,,,,,,
15-09-2016,2600,,,,,,,
01-08-2021,2598,,,,,,,
02-07-2019,2591,,,,,,,
13-10-2016,2590,,,,,,,
22-12-2016,2590,,,,,,,
12-12-2016,2589,,,,,,,
09-09-2016,2588,,,,,,,
14-03-2019,2588,,,,,,,
07-02-2017,2586,,,,,,,
18-03-2019,2583,,,,,,,
25-12-2022,2580,,,,,,,
26-11-2019,2578,,,,,,,
10-07-2019,2576,,,,,,,
21-10-2016,2575,,,,,,,
19-01-2017,2568,,,,,,,
19-09-2020,2566,,,,,,,
09-11-2016,2561,,,,,,,
06-01-2017,2559,,,,,,,
27-09-2016,2556,,,,,,,
19-12-2016,2555,,,,,,,
17-01-2017,2554,,,,,,,
08-02-2017,2554,,,,,,,
27-12-2017,2553,,,,,,,
30-09-2016,2553,,,,,,,
12-05-2021,2552,,,,,,,
27-09-2020,2551,,,,,,,
27-02-2020,2546,,,,,,,
13-03-2017,2546,,,,,,,
07-10-2016,2546,,,,,,,
23-03-2023,2543,,,,,,,
29-07-2019,2541,,,,,,,
08-07-2019,2541,,,,,,,
14-09-2016,2539,,,,,,,
31-10-2016,2535,,,,,,,
18-10-2020,2530,,,,,,,
28-03-2023,2526,,,,,,,
13-01-2017,2526,,,,,,,
07-03-2018,2525,,,,,,,
09-12-2016,2525,,,,,,,
22-08-2021,2524,,,,,,,
20-10-2016,2522,,,,,,,
17-05-2021,2513,,,,,,,
25-11-2021,2511,,,,,,,
25-10-2016,2511,,,,,,,
15-02-2023,2511,,,,,,,
05-08-2016,2510,,,,,,,
13-09-2016,2509,,,,,,,
09-01-2017,2508,,,,,,,
15-08-2022,2506,,,,,,,
31-12-2018,2505,,,,,,,
13-10-2017,2505,,,,,,,
09-01-2022,2502,,,,,,,
24-02-2017,2499,,,,,,,
28-09-2016,2497,,,,,,,
18-01-2020,2495,,,,,,,
04-07-2021,2489,,,,,,,
21-01-2019,2486,,,,,,,
11-10-2020,2486,,,,,,,
18-10-2016,2480,,,,,,,
06-07-2018,2472,,,,,,,
26-09-2021,2465,,,,,,,
12-08-2016,2461,,,,,,,
05-01-2017,2461,,,,,,,
29-06-2020,2460,,,,,,,
25-07-2021,2456,,,,,,,
11-07-2021,2455,,,,,,,
03-10-2020,2453,,,,,,,
03-10-2016,2450,,,,,,,
24-03-2017,2450,,,,,,,
11-03-2019,2450,,,,,,,
30-01-2022,2445,,,,,,,
06-05-2020,2445,,,,,,,
12-09-2021,2444,,,,,,,
20-01-2020,2444,,,,,,,
23-06-2016,2443,,,,,,,
24-12-2019,2442,,,,,,,
10-02-2017,2433,,,,,,,
19-09-2021,2431,,,,,,,
12-09-2020,2430,,,,,,,
12-09-2016,2429,,,,,,,
29-09-2016,2425,,,,,,,
14-02-2017,2424,,,,,,,
15-08-2021,2423,,,,,,,
01-02-2017,2417,,,,,,,
17-11-2017,2415,,,,,,,
03-02-2017,2409,,,,,,,
17-02-2017,2409,,,,,,,
24-10-2016,2407,,,,,,,
07-04-2017,2402,,,,,,,
05-07-2018,2402,,,,,,,
11-11-2016,2402,,,,,,,
10-04-2021,2400,,,,,,,
02-02-2017,2400,,,,,,,
03-01-2017,2387,,,,,,,
10-08-2016,2383,,,,,,,
31-08-2016,2380,,,,,,,
23-12-2016,2380,,,,,,,
23-09-2016,2380,,,,,,,
01-03-2017,2378,,,,,,,
29-08-2016,2369,,,,,,,
12-10-2016,2366,,,,,,,
05-09-2021,2364,,,,,,,
20-01-2017,2363,,,,,,,
30-08-2016,2355,,,,,,,
10-03-2017,2350,,,,,,,
17-03-2017,2347,,,,,,,
14-03-2017,2343,,,,,,,
21-12-2016,2339,,,,,,,
27-10-2016,2338,,,,,,,
26-08-2016,2331,,,,,,,
03-03-2017,2330,,,,,,,
15-08-2016,2330,,,,,,,
06-02-2017,2330,,,,,,,
11-08-2016,2326,,,,,,,
10-10-2021,2325,,,,,,,
23-05-2021,2323,,,,,,,
23-01-2017,2320,,,,,,,
24-08-2016,2318,,,,,,,
20-03-2017,2314,,,,,,,
08-08-2016,2314,,,,,,,
08-02-2023,2312,,,,,,,
26-12-2019,2312,,,,,,,
06-03-2021,2308,,,,,,,
05-05-2017,2298,,,,,,,
06-04-2017,2295,,,,,,,
24-04-2021,2292,,,,,,,
29-03-2017,2290,,,,,,,
22-06-2016,2286,,,,,,,
17-03-2020,2286,,,,,,,
02-09-2016,2286,,,,,,,
27-06-2019,2285,,,,,,,
27-06-2016,2283,,,,,,,
05-05-2020,2282,,,,,,,
28-02-2017,2276,,,,,,,
26-09-2016,2270,,,,,,,
02-03-2017,2269,,,,,,,
02-08-2016,2265,,,,,,,
17-08-2016,2263,,,,,,,
24-06-2016,2258,,,,,,,
22-07-2016,2256,,,,,,,
27-07-2016,2256,,,,,,,
23-11-2018,2253,,,,,,,
25-01-2017,2250,,,,,,,
14-12-2019,2250,,,,,,,
02-09-2019,2250,,,,,,,
23-08-2016,2243,,,,,,,
21-03-2017,2241,,,,,,,
09-08-2016,2240,,,,,,,
16-02-2017,2238,,,,,,,
07-02-2023,2235,,,,,,,
30-05-2021,2235,,,,,,,
16-08-2016,2235,,,,,,,
01-02-2023,2226,,,,,,,
01-08-2016,2226,,,,,,,
24-01-2017,2225,,,,,,,
30-06-2016,2225,,,,,,,
26-07-2016,2223,,,,,,,
29-07-2016,2216,,,,,,,
05-06-2019,2215,,,,,,,
03-04-2021,2214,,,,,,,
05-07-2016,2214,,,,,,,
28-03-2017,2212,,,,,,,
24-12-2018,2202,,,,,,,
18-08-2016,2202,,,,,,,
27-03-2023,2202,,,,,,,
22-03-2017,2200,,,,,,,
25-03-2023,2200,,,,,,,
13-02-2023,2198,,,,,,,
15-02-2017,2198,,,,,,,
29-06-2016,2198,,,,,,,
23-02-2017,2193,,,,,,,
17-04-2017,2188,,,,,,,
30-01-2017,2186,,,,,,,
07-03-2017,2181,,,,,,,
05-04-2017,2181,,,,,,,
16-03-2017,2180,,,,,,,
28-12-2019,2180,,,,,,,
02-02-2023,2180,,,,,,,
06-02-2023,2179,,,,,,,
27-01-2017,2178,,,,,,,
20-06-2020,2173,,,,,,,
28-07-2016,2172,,,,,,,
19-08-2016,2170,,,,,,,
18-01-2017,2170,,,,,,,
27-03-2021,2168,,,,,,,
19-04-2017,2165,,,,,,,
22-02-2017,2164,,,,,,,
26-07-2017,2163,,,,,,,
23-05-2017,2154,,,,,,,
30-03-2017,2154,,,,,,,
06-03-2017,2153,,,,,,,
01-05-2021,2152,,,,,,,
20-03-2021,2152,,,,,,,
06-07-2016,2148,,,,,,,
13-04-2017,2148,,,,,,,
19-05-2017,2146,,,,,,,
22-08-2016,2142,,,,,,,
28-06-2016,2142,,,,,,,
31-03-2017,2140,,,,,,,
14-07-2016,2132,,,,,,,
09-03-2017,2132,,,,,,,
25-12-2021,2126,,,,,,,
05-07-2019,2123,,,,,,,
26-10-2019,2115,,,,,,,
18-04-2017,2114,,,,,,,
01-05-2017,2113,,,,,,,
22-05-2017,2111,,,,,,,
08-03-2017,2110,,,,,,,
18-05-2017,2109,,,,,,,
12-04-2017,2101,,,,,,,
20-04-2017,2099,,,,,,,
09-05-2021,2094,,,,,,,
08-12-2019,2092,,,,,,,
24-05-2017,2089,,,,,,,
22-12-2019,2088,,,,,,,
31-03-2023,2088,,,,,,,
13-02-2017,2083,,,,,,,
07-07-2016,2081,,,,,,,
17-04-2021,2080,,,,,,,
25-08-2016,2079,,,,,,,
30-03-2020,2075,,,,,,,
26-01-2017,2075,,,,,,,
21-04-2017,2072,,,,,,,
24-11-2017,2069,,,,,,,
03-04-2017,2059,,,,,,,
14-03-2020,2057,,,,,,,
27-02-2017,2053,,,,,,,
22-11-2018,2052,,,,,,,
04-04-2017,2049,,,,,,,
23-03-2017,2046,,,,,,,
25-07-2016,2043,,,,,,,
30-12-2016,2042,,,,,,,
27-06-2020,2037,,,,,,,
14-04-2017,2037,,,,,,,
02-05-2017,2035,,,,,,,
26-04-2017,2033,,,,,,,
22-03-2020,2027,,,,,,,
11-04-2017,2026,,,,,,,
01-04-2020,2024,,,,,,,
21-07-2016,2019,,,,,,,
13-06-2020,2018,,,,,,,
04-05-2017,2013,,,,,,,
08-06-2017,2013,,,,,,,
08-07-2016,2012,,,,,,,
09-06-2017,2007,,,,,,,
31-03-2020,2006,,,,,,,
08-05-2017,2005,,,,,,,
10-04-2017,1999,,,,,,,
21-02-2017,1998,,,,,,,
09-05-2017,1998,,,,,,,
20-12-2018,1994,,,,,,,
19-10-2019,1990,,,,,,,
15-06-2017,1984,,,,,,,
29-12-2016,1979,,,,,,,
20-09-2020,1979,,,,,,,
19-07-2016,1975,,,,,,,
13-06-2017,1974,,,,,,,
21-06-2017,1974,,,,,,,
11-04-2021,1969,,,,,,,
15-05-2017,1967,,,,,,,
15-03-2017,1967,,,,,,,
11-05-2017,1963,,,,,,,
27-04-2017,1958,,,,,,,
27-03-2017,1957,,,,,,,
11-07-2016,1949,,,,,,,
20-06-2017,1943,,,,,,,
02-06-2017,1942,,,,,,,
17-02-2023,1937,,,,,,,
24-04-2017,1936,,,,,,,
20-07-2016,1936,,,,,,,
14-06-2017,1934,,,,,,,
28-04-2017,1932,,,,,,,
12-06-2017,1932,,,,,,,
03-05-2017,1926,,,,,,,
07-12-2019,1924,,,,,,,
16-09-2016,1916,,,,,,,
30-06-2017,1914,,,,,,,
27-02-2021,1913,,,,,,,
04-09-2017,1911,,,,,,,
28-02-2021,1909,,,,,,,
06-06-2017,1906,,,,,,,
19-06-2017,1904,,,,,,,
03-08-2020,1904,,,,,,,
14-07-2017,1899,,,,,,,
27-06-2017,1898,,,,,,,
20-03-2023,1897,,,,,,,
16-01-2017,1896,,,,,,,
08-09-2020,1893,,,,,,,
02-05-2021,1888,,,,,,,
09-11-2019,1885,,,,,,,
22-06-2017,1884,,,,,,,
25-04-2017,1876,,,,,,,
20-02-2017,1876,,,,,,,
05-06-2017,1870,,,,,,,
08-08-2021,1867,,,,,,,
25-04-2021,1864,,,,,,,
13-07-2016,1864,,,,,,,
07-07-2017,1864,,,,,,,
28-05-2018,1862,,,,,,,
23-06-2017,1860,,,,,,,
17-05-2017,1853,,,,,,,
12-10-2019,1846,,,,,,,
12-07-2016,1843,,,,,,,
12-05-2017,1843,,,,,,,
31-07-2020,1835,,,,,,,
26-02-2023,1827,,,,,,,
18-04-2021,1819,,,,,,,
21-09-2019,1815,,,,,,,
28-03-2018,1811,,,,,,,
07-06-2017,1809,,,,,,,
20-07-2017,1798,,,,,,,
05-04-2020,1796,,,,,,,
28-12-2016,1796,,,,,,,
21-12-2019,1793,,,,,,,
23-05-2020,1792,,,,,,,
04-08-2016,1792,,,,,,,
16-06-2017,1791,,,,,,,
30-03-2023,1791,,,,,,,
19-07-2017,1785,,,,,,,
10-07-2017,1784,,,,,,,
29-11-2019,1779,,,,,,,
13-09-2020,1778,,,,,,,
09-09-2020,1776,,,,,,,
21-06-2020,1773,,,,,,,
15-12-2019,1770,,,,,,,
06-10-2016,1769,,,,,,,
02-11-2019,1768,,,,,,,
05-07-2017,1765,,,,,,,
21-07-2017,1764,,,,,,,
28-06-2017,1759,,,,,,,
28-06-2020,1759,,,,,,,
06-06-2020,1755,,,,,,,
27-12-2016,1753,,,,,,,
29-08-2021,1743,,,,,,,
05-10-2019,1737,,,,,,,
24-07-2017,1737,,,,,,,
27-05-2019,1735,,,,,,,
06-07-2017,1733,,,,,,,
28-08-2020,1732,,,,,,,
11-07-2017,1726,,,,,,,
19-09-2016,1721,,,,,,,
24-11-2022,1718,,,,,,,
12-07-2017,1717,,,,,,,
04-04-2021,1717,,,,,,,
26-03-2023,1712,,,,,,,
09-05-2020,1712,,,,,,,
02-09-2020,1707,,,,,,,
25-07-2017,1707,,,,,,,
29-11-2018,1696,,,,,,,
28-09-2019,1696,,,,,,,
02-05-2020,1691,,,,,,,
18-07-2017,1691,,,,,,,
21-06-2016,1688,,,,,,,
13-07-2017,1686,,,,,,,
04-10-2020,1685,,,,,,,
17-05-2020,1682,,,,,,,
11-02-2023,1682,,,,,,,
28-03-2021,1676,,,,,,,
28-02-2023,1675,,,,,,,
18-01-2018,1675,,,,,,,
31-10-2021,1674,,,,,,,
07-03-2021,1673,,,,,,,
03-09-2020,1670,,,,,,,
19-01-2018,1670,,,,,,,
15-07-2016,1668,,,,,,,
07-03-2020,1668,,,,,,,
04-09-2020,1656,,,,,,,
01-01-2020,1655,,,,,,,
22-02-2020,1654,,,,,,,
29-06-2017,1653,,,,,,,
13-03-2021,1652,,,,,,,
14-08-2020,1645,,,,,,,
03-09-2018,1645,,,,,,,
15-02-2020,1635,,,,,,,
09-02-2020,1634,,,,,,,
13-08-2020,1633,,,,,,,
30-05-2020,1627,,,,,,,
21-03-2020,1624,,,,,,,
19-08-2020,1623,,,,,,,
20-10-2019,1620,,,,,,,
14-09-2019,1619,,,,,,,
19-03-2023,1603,,,,,,,
16-05-2020,1602,,,,,,,
04-04-2020,1598,,,,,,,
07-09-2019,1597,,,,,,,
04-07-2018,1593,,,,,,,
21-08-2020,1592,,,,,,,
13-10-2019,1590,,,,,,,
08-02-2020,1589,,,,,,,
25-11-2016,1588,,,,,,,
17-07-2020,1586,,,,,,,
20-09-2016,1583,,,,,,,
24-07-2020,1582,,,,,,,
01-02-2020,1581,,,,,,,
27-07-2020,1579,,,,,,,
18-04-2020,1579,,,,,,,
11-01-2020,1578,,,,,,,
31-08-2020,1577,,,,,,,
31-08-2019,1575,,,,,,,
26-06-2017,1572,,,,,,,
12-08-2020,1569,,,,,,,
06-10-2019,1567,,,,,,,
21-03-2021,1564,,,,,,,
29-02-2020,1564,,,,,,,
29-12-2019,1559,,,,,,,
28-07-2020,1559,,,,,,,
17-08-2020,1556,,,,,,,
14-06-2020,1555,,,,,,,
25-01-2020,1548,,,,,,,
23-11-2017,1548,,,,,,,
01-09-2020,1546,,,,,,,
22-09-2016,1544,,,,,,,
12-04-2020,1541,,,,,,,
03-07-2017,1538,,,,,,,
10-11-2019,1537,,,,,,,
25-04-2020,1532,,,,,,,
07-06-2020,1531,,,,,,,
27-10-2019,1531,,,,,,,
21-07-2020,1525,,,,,,,
18-08-2020,1517,,,,,,,
18-07-2016,1513,,,,,,,
26-08-2020,1512,,,,,,,
21-09-2016,1506,,,,,,,
22-07-2020,1500,,,,,,,
06-08-2020,1496,,,,,,,
04-08-2020,1495,,,,,,,
03-11-2019,1489,,,,,,,
17-07-2017,1482,,,,,,,
15-09-2019,1480,,,,,,,
06-07-2020,1477,,,,,,,
22-09-2019,1456,,,,,,,
02-02-2020,1454,,,,,,,
03-09-2021,1452,,,,,,,
01-07-2020,1450,,,,,,,
20-08-2020,1446,,,,,,,
07-08-2020,1439,,,,,,,
29-07-2020,1438,,,,,,,
11-04-2020,1438,,,,,,,
24-05-2020,1437,,,,,,,
27-08-2020,1436,,,,,,,
04-02-2023,1431,,,,,,,
08-07-2020,1431,,,,,,,
15-03-2020,1429,,,,,,,
01-06-2017,1427,,,,,,,
02-07-2020,1427,,,,,,,
07-07-2020,1424,,,,,,,
04-12-2020,1422,,,,,,,
30-07-2020,1417,,,,,,,
12-01-2020,1416,,,,,,,
23-07-2020,1416,,,,,,,
05-08-2020,1403,,,,,,,
16-07-2020,1403,,,,,,,
01-03-2020,1400,,,,,,,
19-09-2019,1390,,,,,,,
20-07-2020,1384,,,,,,,
30-06-2020,1382,,,,,,,
10-10-2016,1381,,,,,,,
24-08-2020,1379,,,,,,,
05-02-2023,1375,,,,,,,
15-07-2020,1373,,,,,,,
12-02-2023,1371,,,,,,,
25-08-2020,1369,,,,,,,
01-09-2019,1369,,,,,,,
04-01-2020,1366,,,,,,,
10-05-2020,1365,,,,,,,
10-08-2020,1365,,,,,,,
15-05-2021,1361,,,,,,,
26-12-2018,1358,,,,,,,
06-01-2019,1352,,,,,,,
04-07-2019,1351,,,,,,,
04-01-2017,1350,,,,,,,
24-11-2016,1350,,,,,,,
16-02-2020,1346,,,,,,,
26-04-2020,1341,,,,,,,
28-03-2020,1341,,,,,,,
19-01-2019,1341,,,,,,,
29-09-2019,1334,,,,,,,
31-10-2022,1328,,,,,,,
13-07-2021,1319,,,,,,,
11-08-2020,1318,,,,,,,
13-07-2020,1317,,,,,,,
31-05-2020,1313,,,,,,,
26-01-2020,1309,,,,,,,
05-09-2016,1308,,,,,,,
14-03-2021,1297,,,,,,,
03-08-2016,1290,,,,,,,
05-01-2020,1284,,,,,,,
23-02-2020,1283,,,,,,,
25-12-2019,1278,,,,,,,
08-03-2018,1273,,,,,,,
14-07-2020,1270,,,,,,,
19-05-2019,1267,,,,,,,
19-04-2020,1265,,,,,,,
03-07-2020,1257,,,,,,,
01-12-2018,1255,,,,,,,
08-03-2020,1235,,,,,,,
03-05-2020,1228,,,,,,,
19-01-2020,1212,,,,,,,
27-10-2018,1206,,,,,,,
18-05-2019,1195,,,,,,,
08-09-2019,1195,,,,,,,
16-05-2021,1189,,,,,,,
10-11-2018,1188,,,,,,,
26-12-2017,1185,,,,,,,
01-01-2019,1178,,,,,,,
17-11-2018,1177,,,,,,,
09-02-2019,1175,,,,,,,
04-07-2016,1169,,,,,,,
25-11-2018,1167,,,,,,,
02-02-2019,1160,,,,,,,
12-01-2019,1160,,,,,,,
01-07-2016,1146,,,,,,,
30-11-2022,1145,,,,,,,
13-04-2019,1126,,,,,,,
06-04-2019,1119,,,,,,,
11-10-2018,1118,,,,,,,
05-01-2019,1114,,,,,,,
16-02-2019,1111,,,,,,,
15-09-2018,1110,,,,,,,
10-02-2019,1105,,,,,,,
01-06-2019,1102,,,,,,,
26-05-2016,1097,,,,,,,
08-06-2019,1097,,,,,,,
20-02-2023,1097,,,,,,,
03-11-2018,1095,,,,,,,
16-06-2018,1095,,,,,,,
29-03-2020,1094,,,,,,,
11-11-2018,1091,,,,,,,
18-08-2018,1082,,,,,,,
07-09-2020,1080,,,,,,,
30-03-2019,1079,,,,,,,
08-09-2018,1071,,,,,,,
23-03-2019,1069,,,,,,,
01-11-2018,1066,,,,,,,
24-11-2018,1058,,,,,,,
17-02-2019,1054,,,,,,,
10-02-2018,1051,,,,,,,
27-05-2016,1048,,,,,,,
25-05-2016,1043,,,,,,,
29-06-2019,1042,,,,,,,
09-03-2019,1039,,,,,,,
20-01-2019,1036,,,,,,,
26-01-2019,1032,,,,,,,
03-08-2019,1030,,,,,,,
13-10-2018,1028,,,,,,,
11-08-2018,1026,,,,,,,
15-12-2018,1022,,,,,,,
24-05-2016,1018,,,,,,,
13-07-2019,1017,,,,,,,
09-07-2020,1016,,,,,,,
30-06-2019,1015,,,,,,,
28-10-2018,1013,,,,,,,
20-05-2016,1006,,,,,,,
04-05-2019,1006,,,,,,,
02-12-2018,1004,,,,,,,
17-03-2018,998,,,,,,,
18-11-2018,995,,,,,,,
10-08-2019,992,,,,,,,
04-08-2019,992,,,,,,,
23-02-2019,991,,,,,,,
21-07-2019,990,,,,,,,
28-11-2019,985,,,,,,,
16-11-2019,985,,,,,,,
01-01-2018,981,,,,,,,
11-08-2019,979,,,,,,,
10-03-2018,978,,,,,,,
30-06-2018,978,,,,,,,
06-10-2018,978,,,,,,,
22-12-2018,978,,,,,,,
02-06-2018,977,,,,,,,
07-04-2016,976,,,,,,,
19-08-2018,975,,,,,,,
12-05-2018,974,,,,,,,
07-04-2019,974,,,,,,,
20-07-2019,974,,,,,,,
24-02-2019,973,,,,,,,
07-04-2018,973,,,,,,,
04-07-2017,970,,,,,,,
23-11-2019,966,,,,,,,
04-11-2018,965,,,,,,,
18-05-2016,964,,,,,,,
25-08-2018,963,,,,,,,
11-05-2019,960,,,,,,,
07-07-2019,959,,,,,,,
12-05-2019,958,,,,,,,
21-07-2018,958,,,,,,,
17-08-2019,957,,,,,,,
20-10-2018,957,,,,,,,
10-03-2019,957,,,,,,,
11-02-2018,957,,,,,,,
01-12-2019,953,,,,,,,
16-09-2018,952,,,,,,,
01-09-2018,952,,,,,,,
29-09-2018,950,,,,,,,
27-07-2019,949,,,,,,,
20-04-2019,948,,,,,,,
24-02-2018,948,,,,,,,
05-05-2019,944,,,,,,,
29-12-2018,937,,,,,,,
15-06-2019,937,,,,,,,
17-06-2018,933,,,,,,,
22-06-2019,933,,,,,,,
03-02-2018,930,,,,,,,
22-04-2016,927,,,,,,,
02-06-2019,926,,,,,,,
16-03-2019,923,,,,,,,
27-04-2019,923,,,,,,,
28-07-2019,922,,,,,,,
09-09-2018,917,,,,,,,
23-12-2018,911,,,,,,,
04-02-2018,911,,,,,,,
03-03-2019,910,,,,,,,
03-03-2018,906,,,,,,,
20-05-2018,906,,,,,,,
17-12-2016,905,,,,,,,
22-09-2018,904,,,,,,,
02-09-2018,902,,,,,,,
21-04-2019,897,,,,,,,
13-05-2018,892,,,,,,,
30-12-2018,890,,,,,,,
05-04-2016,889,,,,,,,
09-06-2018,886,,,,,,,
24-03-2019,885,,,,,,,
18-04-2016,881,,,,,,,
26-11-2017,880,,,,,,,
14-07-2019,879,,,,,,,
28-04-2018,879,,,,,,,
23-06-2019,878,,,,,,,
01-04-2016,878,,,,,,,
09-06-2019,877,,,,,,,
10-05-2017,877,,,,,,,
07-07-2018,871,,,,,,,
08-12-2018,870,,,,,,,
16-06-2019,870,,,,,,,
21-10-2018,869,,,,,,,
18-03-2017,868,,,,,,,
12-01-2023,866,,,,,,,
12-08-2018,865,,,,,,,
18-11-2017,864,,,,,,,
14-04-2019,864,,,,,,,
23-06-2018,863,,,,,,,
31-05-2016,862,,,,,,,
21-04-2016,861,,,,,,,
27-01-2019,861,,,,,,,
07-10-2017,861,,,,,,,
05-06-2022,859,,,,,,,
18-08-2019,859,,,,,,,
27-11-2016,858,,,,,,,
13-01-2018,856,,,,,,,
01-06-2016,854,,,,,,,
08-06-2016,853,,,,,,,
02-01-2017,851,,,,,,,
05-05-2018,850,,,,,,,
06-07-2019,849,,,,,,,
17-06-2016,848,,,,,,,
19-05-2018,847,,,,,,,
01-07-2018,844,,,,,,,
14-10-2018,842,,,,,,,
07-06-2016,841,,,,,,,
03-02-2019,840,,,,,,,
20-11-2016,839,,,,,,,
29-04-2016,835,,,,,,,
20-04-2016,834,,,,,,,
24-11-2019,834,,,,,,,
24-03-2018,833,,,,,,,
06-06-2016,832,,,,,,,
25-02-2018,831,,,,,,,
06-04-2016,831,,,,,,,
30-03-2016,828,,,,,,,
26-08-2018,826,,,,,,,
16-12-2017,825,,,,,,,
26-05-2019,825,,,,,,,
25-05-2019,825,,,,,,,
30-11-2019,824,,,,,,,
24-03-2016,823,,,,,,,
21-04-2018,822,,,,,,,
07-10-2018,821,,,,,,,
14-04-2016,820,,,,,,,
25-03-2018,819,,,,,,,
25-03-2017,818,,,,,,,
16-10-2016,818,,,,,,,
26-04-2016,817,,,,,,,
02-03-2019,816,,,,,,,
10-12-2016,816,,,,,,,
14-04-2018,815,,,,,,,
23-05-2016,815,,,,,,,
03-06-2016,814,,,,,,,
11-03-2018,813,,,,,,,
08-07-2018,813,,,,,,,
30-09-2017,813,,,,,,,
26-05-2018,811,,,,,,,
13-01-2019,810,,,,,,,
30-12-2017,805,,,,,,,
22-10-2016,805,,,,,,,
28-07-2018,804,,,,,,,
31-03-2019,804,,,,,,,
08-10-2017,802,,,,,,,
09-06-2016,799,,,,,,,
24-06-2018,798,,,,,,,
25-04-2016,797,,,,,,,
12-05-2016,796,,,,,,,
03-06-2018,795,,,,,,,
07-01-2017,795,,,,,,,
12-04-2016,791,,,,,,,
15-04-2018,790,,,,,,,
17-03-2019,787,,,,,,,
10-06-2018,786,,,,,,,
19-04-2016,786,,,,,,,
28-04-2019,783,,,,,,,
27-01-2018,781,,,,,,,
11-03-2017,780,,,,,,,
11-04-2016,780,,,,,,,
19-11-2016,779,,,,,,,
09-12-2018,778,,,,,,,
15-10-2016,777,,,,,,,
10-06-2017,775,,,,,,,
04-08-2018,771,,,,,,,
19-03-2017,770,,,,,,,
19-05-2016,768,,,,,,,
11-02-2017,767,,,,,,,
30-09-2018,766,,,,,,,
09-09-2017,766,,,,,,,
13-04-2016,766,,,,,,,
23-12-2017,763,,,,,,,
10-05-2016,762,,,,,,,
27-04-2016,762,,,,,,,
29-04-2018,761,,,,,,,
04-03-2017,759,,,,,,,
14-06-2016,755,,,,,,,
18-12-2016,755,,,,,,,
13-06-2016,752,,,,,,,
17-02-2018,750,,,,,,,
11-05-2016,750,,,,,,,
11-12-2016,744,,,,,,,
27-05-2018,743,,,,,,,
18-03-2018,740,,,,,,,
30-10-2016,740,,,,,,,
04-04-2016,739,,,,,,,
17-11-2019,735,,,,,,,
19-08-2017,735,,,,,,,
22-04-2018,735,,,,,,,
04-11-2017,734,,,,,,,
13-11-2016,734,,,,,,,
12-02-2017,733,,,,,,,
28-04-2016,732,,,,,,,
16-12-2018,728,,,,,,,
10-06-2016,727,,,,,,,
26-02-2017,727,,,,,,,
02-06-2016,726,,,,,,,
10-09-2016,726,,,,,,,
06-01-2018,724,,,,,,,
24-09-2017,724,,,,,,,
29-03-2016,723,,,,,,,
04-03-2018,722,,,,,,,
14-07-2018,720,,,,,,,
26-11-2016,720,,,,,,,
22-07-2018,718,,,,,,,
31-03-2018,718,,,,,,,
17-05-2016,718,,,,,,,
23-09-2017,717,,,,,,,
29-04-2017,717,,,,,,,
04-06-2017,717,,,,,,,
20-01-2018,715,,,,,,,
05-11-2016,715,,,,,,,
18-02-2018,714,,,,,,,
14-01-2018,713,,,,,,,
05-03-2017,713,,,,,,,
05-05-2016,712,,,,,,,
04-05-2016,712,,,,,,,
23-09-2018,710,,,,,,,
01-04-2018,710,,,,,,,
04-12-2016,709,,,,,,,
21-10-2017,709,,,,,,,
12-03-2017,706,,,,,,,
23-03-2016,704,,,,,,,
01-10-2017,703,,,,,,,
15-08-2020,703,,,,,,,
27-08-2016,703,,,,,,,
05-08-2018,703,,,,,,,
11-11-2017,702,,,,,,,
09-12-2017,700,,,,,,,
23-10-2016,700,,,,,,,
08-04-2017,699,,,,,,,
13-08-2017,699,,,,,,,
13-08-2016,697,,,,,,,
08-10-2016,697,,,,,,,
06-11-2016,697,,,,,,,
06-05-2017,696,,,,,,,
25-05-2017,695,,,,,,,
05-08-2017,695,,,,,,,
17-06-2017,694,,,,,,,
11-06-2017,694,,,,,,,
15-04-2017,693,,,,,,,
21-01-2017,692,,,,,,,
20-05-2017,691,,,,,,,
03-06-2017,691,,,,,,,
25-02-2017,691,,,,,,,
01-10-2016,690,,,,,,,
29-07-2018,690,,,,,,,
26-08-2017,689,,,,,,,
28-08-2016,687,,,,,,,
22-04-2017,685,,,,,,,
30-07-2016,684,,,,,,,
25-12-2018,684,,,,,,,
20-08-2017,680,,,,,,,
12-11-2016,679,,,,,,,
31-03-2016,678,,,,,,,
02-09-2017,677,,,,,,,
02-05-2016,676,,,,,,,
20-08-2016,676,,,,,,,
14-10-2017,675,,,,,,,
08-04-2018,674,,,,,,,
01-04-2017,674,,,,,,,
29-01-2017,673,,,,,,,
19-11-2017,672,,,,,,,
07-05-2017,672,,,,,,,
12-08-2017,672,,,,,,,
04-02-2017,669,,,,,,,
03-12-2016,667,,,,,,,
28-10-2017,665,,,,,,,
16-06-2016,664,,,,,,,
16-09-2017,662,,,,,,,
15-10-2017,661,,,,,,,
03-09-2017,660,,,,,,,
28-01-2018,656,,,,,,,
18-02-2017,655,,,,,,,
07-01-2018,655,,,,,,,
25-12-2017,654,,,,,,,
14-01-2017,654,,,,,,,
16-07-2021,654,,,,,,,
03-09-2016,653,,,,,,,
28-03-2016,652,,,,,,,
30-07-2017,651,,,,,,,
17-12-2017,649,,,,,,,
21-08-2016,644,,,,,,,
26-05-2017,643,,,,,,,
21-01-2018,643,,,,,,,
14-08-2016,642,,,,,,,
06-05-2018,641,,,,,,,
06-08-2017,641,,,,,,,
11-09-2016,640,,,,,,,
31-07-2016,639,,,,,,,
26-06-2016,638,,,,,,,
31-05-2017,635,,,,,,,
02-12-2017,635,,,,,,,
30-04-2017,633,,,,,,,
30-05-2017,633,,,,,,,
22-07-2017,631,,,,,,,
29-07-2017,630,,,,,,,
05-02-2017,626,,,,,,,
24-09-2016,624,,,,,,,
06-08-2016,624,,,,,,,
09-05-2016,622,,,,,,,
25-11-2017,620,,,,,,,
10-09-2017,619,,,,,,,
16-04-2017,618,,,,,,,
21-05-2017,618,,,,,,,
23-07-2016,616,,,,,,,
17-09-2016,615,,,,,,,
16-05-2017,615,,,,,,,
03-05-2016,613,,,,,,,
31-12-2016,611,,,,,,,
26-03-2017,611,,,,,,,
22-10-2017,610,,,,,,,
02-10-2016,610,,,,,,,
19-02-2017,608,,,,,,,
08-04-2016,606,,,,,,,
25-08-2019,605,,,,,,,
17-09-2017,602,,,,,,,
24-12-2016,600,,,,,,,
08-01-2017,599,,,,,,,
05-11-2017,599,,,,,,,
12-11-2017,595,,,,,,,
18-06-2017,594,,,,,,,
22-01-2017,593,,,,,,,
02-04-2017,592,,,,,,,
23-04-2017,592,,,,,,,
24-12-2017,590,,,,,,,
27-08-2017,590,,,,,,,
13-05-2017,587,,,,,,,
29-10-2017,586,,,,,,,
25-06-2017,584,,,,,,,
01-07-2017,581,,,,,,,
08-07-2017,581,,,,,,,
08-08-2020,577,,,,,,,
29-08-2020,576,,,,,,,
26-12-2016,575,,,,,,,
14-05-2017,575,,,,,,,
28-01-2017,574,,,,,,,
24-06-2017,573,,,,,,,
05-09-2020,572,,,,,,,
16-05-2016,572,,,,,,,
31-07-2017,571,,,,,,,
20-06-2016,568,,,,,,,
24-07-2016,568,,,,,,,
25-06-2016,567,,,,,,,
15-01-2017,561,,,,,,,
07-08-2016,560,,,,,,,
03-12-2017,556,,,,,,,
16-08-2020,555,,,,,,,
04-09-2016,553,,,,,,,
01-08-2020,550,,,,,,,
06-09-2020,548,,,,,,,
25-07-2020,545,,,,,,,
09-04-2017,542,,,,,,,
25-09-2016,539,,,,,,,
16-07-2016,532,,,,,,,
31-12-2017,526,,,,,,,
09-07-2017,521,,,,,,,
10-12-2017,519,,,,,,,
18-07-2020,515,,,,,,,
22-08-2020,510,,,,,,,
25-03-2016,504,,,,,,,
30-08-2020,503,,,,,,,
18-03-2023,502,,,,,,,
23-07-2017,501,,,,,,,
30-05-2016,501,,,,,,,
18-09-2016,497,,,,,,,
10-07-2016,486,,,,,,,
16-07-2017,485,,,,,,,
09-07-2016,477,,,,,,,
15-07-2017,476,,,,,,,
23-08-2020,469,,,,,,,
11-07-2020,467,,,,,,,
03-07-2016,459,,,,,,,
02-07-2017,455,,,,,,,
09-08-2020,449,,,,,,,
19-07-2020,429,,,,,,,
02-07-2016,426,,,,,,,
25-12-2016,425,,,,,,,
02-08-2020,422,,,,,,,
26-07-2020,406,,,,,,,
05-07-2020,400,,,,,,,
04-07-2020,385,,,,,,,
12-07-2020,377,,,,,,,
28-05-2016,367,,,,,,,
21-05-2016,367,,,,,,,
09-04-2016,364,,,,,,,
22-05-2016,362,,,,,,,
04-06-2016,328,,,,,,,
11-06-2016,322,,,,,,,
12-06-2016,321,,,,,,,
29-05-2016,305,,,,,,,
10-04-2016,305,,,,,,,
05-06-2016,291,,,,,,,
18-06-2016,285,,,,,,,
25-02-2023,280,,,,,,,
03-04-2016,278,,,,,,,
29-05-2017,270,,,,,,,
27-03-2016,263,,,,,,,
02-04-2016,260,,,,,,,
26-03-2016,251,,,,,,,
29-04-2021,239,,,,,,,
31-03-2022,239,,,,,,,
19-06-2016,229,,,,,,,
17-04-2016,213,,,,,,,
15-07-2018,202,,,,,,,
29-10-2016,170,,,,,,,
27-05-2017,166,,,,,,,
24-04-2016,159,,,,,,,
30-04-2016,156,,,,,,,
28-05-2017,140,,,,,,,
10-05-2022,132,,,,,,,
09-10-2016,95,,,,,,,
11-02-2016,93,,,,,,,
24-02-2016,86,,,,,,,
16-02-2016,84,,,,,,,
22-03-2016,82,,,,,,,
18-02-2016,73,,,,,,,
10-03-2016,72,,,,,,,
19-02-2016,72,,,,,,,
01-01-2017,66,,,,,,,
03-03-2016,64,,,,,,,
15-02-2016,62,,,,,,,
11-03-2016,61,,,,,,,
08-02-2016,60,,,,,,,
09-02-2016,59,,,,,,,
23-02-2016,58,,,,,,,
04-03-2016,58,,,,,,,
17-07-2016,58,,,,,,,
01-05-2016,56,,,,,,,
01-03-2016,55,,,,,,,
22-02-2016,55,,,,,,,
05-12-2020,54,,,,,,,
17-03-2016,53,,,,,,,
18-03-2016,53,,,,,,,
17-08-2021,53,,,,,,,
25-02-2016,51,,,,,,,
08-03-2016,51,,,,,,,
17-02-2016,51,,,,,,,
21-03-2016,49,,,,,,,
10-02-2016,49,,,,,,,
15-03-2016,46,,,,,,,
14-03-2016,45,,,,,,,
16-03-2016,44,,,,,,,
09-03-2016,42,,,,,,,
07-01-2022,41,,,,,,,
07-03-2016,41,,,,,,,
02-03-2016,40,,,,,,,
10-07-2020,39,,,,,,,
08-05-2016,38,,,,,,,
29-02-2016,36,,,,,,,
06-05-2016,35,,,,,,,
15-04-2016,28,,,,,,,
26-02-2016,27,,,,,,,
13-05-2016,25,,,,,,,
12-02-2016,18,,,,,,,
23-04-2016,17,,,,,,,
13-02-2016,14,,,,,,,
14-02-2016,13,,,,,,,
06-01-2022,12,,,,,,,
03-10-2021,11,,,,,,,
19-03-2016,11,,,,,,,
24-02-2023,11,,,,,,,
12-03-2016,10,,,,,,,
13-03-2016,9,,,,,,,
09-08-2021,8,,,,,,,
14-01-2016,7,,,,,,,
21-02-2016,7,,,,,,,
28-02-2016,7,,,,,,,
20-03-2016,7,,,,,,,
05-03-2016,7,,,,,,,
27-02-2016,6,,,,,,,
17-03-2023,5,,,,,,,
06-05-2022,5,,,,,,,
08-05-2022,4,,,,,,,
29-11-2022,4,,,,,,,
04-05-2020,4,,,,,,,
09-05-2022,4,,,,,,,
30-10-2022,4,,,,,,,
29-03-2022,4,,,,,,,
11-01-2023,4,,,,,,,
20-02-2016,4,,,,,,,
15-07-2021,4,,,,,,,
06-03-2016,4,,,,,,,
09-01-2023,3,,,,,,,
14-07-2021,3,,,,,,,
28-10-2016,3,,,,,,,
28-03-2022,3,,,,,,,
16-03-2023,3,,,,,,,
24-08-2019,2,,,,,,,
07-01-2023,2,,,,,,,
04-06-2022,2,,,,,,,
03-06-2022,2,,,,,,,
25-03-2022,1,,,,,,,
21-10-2022,1,,,,,,,
28-11-2022,1,,,,,,,
26-03-2022,1,,,,,,,
29-10-2022,1,,,,,,,
08-01-2023,1,,,,,,,
30-03-2022,1,,,,,,,
15-06-2016,1,,,,,,,
15-03-2023,1,,,,,,,
